start_time,stop_time,sat,start_L,stop_L,start_MLT,stop_MLT,lc_energy,lc_number,trap_energy,trap_number,alc_energy,alc_number,lc_relative_error,trap_relative_error,alc_relative_error,simulation_alc_energy,simulation_alc_number,lc_n_sectors,alc_n_sectors
2020-01-29T00:57:25.510,2020-01-29T00:57:34.116,A,4.602125263850489,4.739460387119816,21.666012003664815,21.668205046386444,46598.891356840904,18.325936662980883,2102.1969027946648,4.038954393444369,0.0,0.0,0.3175335253914141,0.5,Inf,0.0,0.0,5,5
2020-01-24T08:38:33.514,2020-01-24T08:38:42.466,A,3.152968293373901,3.2176045733850933,20.86478742931282,20.84724418315314,36558.0663902034,492.394632668134,0.0,0.0,0.0,0.0,0.13744638179900598,Inf,Inf,769.4251990884984,12.16568301194361,5,6
2020-01-24T08:39:06.327,2020-01-24T08:39:14.299,A,3.531759047402318,3.5987056139984346,20.76662503271895,20.750308409623294,2027.3368398852433,29.52367665029882,0.0,0.0,0.0,0.0,0.5937111240515522,Inf,Inf,0.0,0.0,5,5
2020-01-08T09:00:00.905,2020-01-08T09:00:09.617,B,1.0481669151836837,1.04806727681064,22.837649181724743,22.832279000319698,3.390886170041949e7,520011.3611613139,3.3412605759803988e7,511348.0427182455,3.355949630474507e7,513324.4907843598,0.009029821824443587,0.01099636070418896,0.009077124321275684,1.5052322421408047e6,23137.1236132013,4,4
2020-03-09T00:45:14.346,2020-03-09T00:45:22.817,B,6.431282313258542,6.70777168959241,19.873582847882798,19.868219786699346,2366.3848521501886,24.151814812681938,224739.07060191676,2245.248652642996,0.0,0.0,0.5,0.09627177501087598,Inf,0.0,0.0,5,5
2020-02-22T04:19:33.870,2020-02-22T04:19:42.270,B,NaN,NaN,10.664573424292405,10.627289487951485,3.844186348364914e7,591950.3007933078,3.1138229649660617e7,479277.8951583274,3.918723023407353e7,603114.4290046934,0.008462647985927151,0.00940561849249793,0.008282681238904374,2.366684178049187e6,36522.65429858853,5,5
2020-02-19T07:42:23.166,2020-02-19T07:42:31.534,B,NaN,NaN,11.856804415633984,11.803222960179513,3.2931564833280254e7,502205.9363481902,3.200691107576976e7,487595.87940529105,3.392073707819814e7,517036.22726356046,0.0101833766819184,0.009310180098592618,0.009942237010730923,2.841293267030942e6,43300.34086257068,5,5
2020-02-24T01:33:53.789,2020-02-24T01:34:02.213,B,NaN,NaN,9.140773304361593,9.130196260136843,4.471323781639798e7,685248.740957204,3.526389450795489e7,540474.8896298471,4.440117506884651e7,679957.4083057139,0.007884682484137158,0.00887239168830524,0.0078093036136727915,2.642932566530476e6,40448.455521828364,5,5
2020-02-26T01:55:14.966,2020-02-26T01:55:23.424,B,45.53680725358407,42.97081755123561,9.309493642859627,9.294141487890286,4.0003522372823596e7,609383.7944370564,3.322991002225443e7,506336.940180473,4.074155122739894e7,621024.0004020334,0.008313027470373264,0.009132190825811088,0.00813393844051252,2.466303977991548e6,37543.89348114707,5,5
2020-01-29T00:58:17.579,2020-01-29T00:58:26.178,A,6.382186120664096,6.713282083394198,21.68808741271623,21.690912177218195,41552.1684872342,567.1082123580998,593851.6683517594,7274.405130544676,983.8290280507877,10.041163378098439,0.13220322886990232,0.026069332904932487,3.1849332984353373,27705.61857125366,382.2019823067172,5,5
2020-03-08T06:04:13.503,2020-03-08T06:04:21.971,B,5.901663346572947,6.096348496223935,18.524782543707556,18.49794302168559,4208.525349887517,30.372412919337055,906668.6540686504,6102.892928350094,0.0,0.0,0.5,0.055997008709223174,Inf,1647.8549608614044,21.182286784452394,5,5
2020-02-16T01:41:29.319,2020-02-16T01:41:37.649,B,NaN,NaN,9.321122632915806,9.312568266081291,4.226526556917491e7,647401.0881672878,3.419425190618738e7,524376.4544561154,4.238127947202466e7,648605.3367824001,0.008106072488837579,0.009014106926496795,0.007999351164156534,2.416118283308127e6,37043.76824805556,5,5
2020-03-04T10:14:37.506,2020-03-04T10:14:45.906,B,8.7034463998844,8.436084414167722,10.577777818967098,10.534551870299548,1.2046854072466448e6,12307.644694987353,2.927007274077043e6,26199.866649729487,154580.72139860783,1615.8017987175033,0.044207309173290056,0.02863487702634128,0.11538929122752292,210145.10858100938,2340.691909148868,5,5
2020-02-22T04:19:42.240,2020-02-22T04:19:50.645,B,NaN,NaN,10.609584954771844,10.57440840161612,3.913329319947713e7,602739.8501713357,3.1723083005667534e7,488167.13181051123,3.994792207119618e7,614312.379739709,0.00839879023206432,0.009333022979859959,0.008214372440362463,2.434263938531314e6,37539.47520722655,5,5
2020-02-19T07:42:31.494,2020-02-19T07:42:39.847,B,NaN,NaN,11.777176404981102,11.726285015647838,3.3165013252931062e7,504814.13043749257,3.25432035713354e7,495725.54973033554,3.4438300266333155e7,525015.2736412177,0.010191423751603028,0.009233579312010754,0.009857916600091669,2.8829785606576265e6,43925.17618629348,5,5
2020-02-24T01:34:02.199,2020-02-24T01:34:10.623,B,NaN,NaN,9.12518844673951,9.115289311089121,4.487114740940468e7,688902.8004505989,3.427144869310821e7,525974.0072783751,4.45986295201962e7,684295.1034741458,0.007877081890241885,0.00900251889394344,0.007800518526761704,2.5552756158752237e6,39109.5873587901,5,5
2020-03-08T09:13:49.017,2020-03-08T09:13:57.472,B,15.138172180099264,16.095123705896413,18.47115225431692,18.442464390131846,10154.966287786585,72.29001907316325,158130.72334435675,1525.1853175303575,0.0,0.0,0.3224998302163906,0.09937999613186947,Inf,0.0,0.0,5,5
2020-02-26T01:55:23.423,2020-02-26T01:56:00.072,B,41.83547638697686,28.650048430586715,9.28693779038514,9.207983928572123,1.7413176494046336e8,2.6487115560648357e6,1.427435777254373e8,2.175156261469851e6,1.7604301226995876e8,2.6789248299588677e6,0.010197649257840447,0.011265177743432294,0.010010142848399153,2.5055171463046125e6,38153.80094436093,5,5
2020-01-08T09:00:09.755,2020-01-08T09:00:18.467,B,1.0480174576241181,1.048148411730272,22.829593909617174,22.824221670289848,5.0195214734749846e7,768177.1585760285,0.0,0.0,5.068008716972825e7,776060.6344212871,0.007422460918384133,Inf,0.007387787796773359,4.335777734990631e6,66381.80971065184,6,6
2020-03-09T00:45:22.830,2020-03-09T00:45:31.292,B,6.88325650081451,7.234226123258713,19.865402644262407,19.859768359388536,138942.51245775932,1355.253911749714,1.6441258877925936e6,14217.700711455112,4200.356134129721,30.313456660923517,0.12111480989939723,0.03909036280240437,0.5,60382.363065310325,685.2818971908486,5,5
2020-01-29T00:58:26.248,2020-01-29T00:58:34.853,A,6.8940126909675294,7.297375747179126,21.692349319602485,21.695294263099946,292921.0470817796,3904.5342031641903,851435.2021981052,9378.708441104805,14472.023441576992,159.18055991800153,0.0463991773481796,0.022225608924674293,0.2738966940205056,45457.32650933157,615.7532033968681,5,5
2020-03-08T15:27:55.864,2020-03-08T15:28:04.322,B,15.542085651256519,16.411829499188478,20.49585154184572,20.5011430292128,61093.617382646255,812.2102429581911,0.0,0.0,0.0,0.0,0.19821632394678454,Inf,Inf,0.0,0.0,5,5
2020-03-08T15:28:04.335,2020-03-08T15:28:12.797,B,16.851207525926533,17.729963579402643,20.503886241263725,20.509372665365575,3550.2113156139762,36.23419642207357,0.0,0.0,0.0,0.0,0.40824830532073975,Inf,Inf,0.0,0.0,5,5
2020-02-16T01:41:37.585,2020-02-16T01:41:45.909,B,NaN,NaN,9.30834513956038,9.300178590182112,4.202760986628086e7,643881.1503834627,3.466043270958744e7,531598.9731800616,4.237265282489762e7,648889.2012307675,0.008129819461207492,0.008956962246473344,0.007999992340154529,2.394920586690892e6,36735.8777314158,5,5
2020-02-22T04:19:50.618,2020-02-22T04:19:59.014,B,NaN,NaN,10.557110240275298,10.523958129928968,3.9143761368566506e7,602612.0626828164,3.144686261321222e7,483680.5142078094,3.955730257109911e7,608947.9972013556,0.008397623567451482,0.009368836920026638,0.00825008258392612,2.384743842249111e6,36771.41052804892,5,5
2020-03-08T18:34:37.917,2020-03-08T18:34:46.379,B,14.191319298061028,15.096676290451631,21.245379212252615,21.26484613441513,17385.769522099898,251.63584243892703,83893.57065942015,931.0107924521938,0.0,0.0,0.3773509857542266,0.12918598378599677,Inf,2526.869587697424,35.3728310768486,5,5
2020-02-24T01:34:10.626,2020-02-24T01:34:19.050,B,46.47613341622856,44.379783448853225,9.110392191430826,9.101105565897834,4.4235146180653706e7,678698.7448845509,3.471142310946583e7,532082.082201069,4.411829107857965e7,677877.8614108544,0.007924232321098283,0.008938732942492304,0.00782765090292776,2.6114892777470583e6,40059.62734175927,5,5
2020-02-19T21:44:56.927,2020-02-19T21:45:05.293,B,35.78657587650774,34.34655341405972,7.659107252094244,7.681379114436176,2.9977820728078276e7,455263.13459447795,3.100567300565349e7,471631.6012995159,3.1345950670110475e7,477316.346427968,0.010770259707309647,0.009457119107571348,0.010384234134128777,2.638248492663693e6,40107.51743393615,5,5
2020-01-29T00:58:34.923,2020-01-29T00:58:43.528,A,7.534706020763975,8.028028529035987,21.696810759392847,21.69988061217218,40679.49661276231,564.481935215264,134406.11592226897,1804.9863485501196,0.0,0.0,0.12475377284540072,0.05355307682595576,Inf,7678.607305235533,114.90717707161716,5,5
2020-02-26T01:56:00.091,2020-02-26T01:56:08.535,B,27.505574680985426,24.766541079188087,9.2019670870036,9.190648082161031,4.1085538853902444e7,626269.3307708894,3.3000571186900012e7,502350.42795666086,4.1095002813851975e7,626326.3651373452,0.008215899786158333,0.009167265297202009,0.008110268873734519,2.558300790916536e6,38959.78160539039,5,5
2020-03-04T10:14:45.879,2020-03-04T10:14:54.293,B,8.306956959455833,8.049763635237893,10.513552179429333,10.471912934671742,451517.66028440074,5219.114907535541,2.883643114128788e6,25425.085903948577,40325.96168331124,328.57295813955295,0.07368772030268816,0.028725046425574788,0.1449837999319165,138991.56432677805,1588.1471653869326,5,5
2020-03-09T00:45:31.305,2020-03-09T00:45:39.767,B,7.432102228076724,7.880014999039609,19.856881115825495,19.850943327991867,30835.87962090877,302.15386886411795,1.8542684365609006e6,16453.28640434155,14201.056343407821,144.93893547959215,0.1431917219909717,0.035965035466894606,0.20412414640078144,45808.59316588657,552.6022192917485,5,5
2020-01-08T09:17:39.755,2020-01-08T09:17:48.467,B,6.403950112464731,6.7262222285551285,21.025648376803712,20.99680992775445,3.42140715649316e7,523192.55269567855,3.3495033254328296e7,511766.86455306597,3.401859571673908e7,520310.6129591048,0.010036510771665038,0.008935356018077855,0.010056417390195142,2.7636122596408883e6,42267.87114380148,5,5
2020-02-22T04:19:58.993,2020-02-22T04:20:07.393,B,NaN,NaN,10.507388011738314,10.475700174516748,3.996669143359581e7,614940.0074992904,3.1731755002254494e7,488120.9264939432,3.923560462977845e7,603644.4251042317,0.008319427424105377,0.0093360207354019,0.008289209981248035,2.462523376067443e6,37953.151881679485,5,5
2020-02-16T01:41:45.862,2020-02-16T01:41:54.187,B,NaN,NaN,9.296201010215336,9.288392350950529,4.11088828482225e7,629594.3826540252,3.410738095271194e7,522838.2114451117,4.2023079687209085e7,643947.3201280811,0.008203201169719504,0.009018644979364063,0.008022005149777056,2.3940149772769064e6,36742.05311266857,5,5
2020-01-29T00:58:43.601,2020-01-29T00:58:52.197,A,8.331178497398774,8.938949525825247,21.70148572264857,21.704703732698984,51054.9103987302,720.9643958858277,93643.90256526422,1251.6444538606427,0.0,0.0,0.10765510983469614,0.06374241181297145,Inf,7306.618284102067,109.47261719086082,5,5
2020-03-22T08:35:08.189,2020-03-22T08:35:16.601,B,18.66307029135496,19.701191768087323,17.916110019152264,17.887045539587735,2958.1058830515694,30.191043125093252,109229.93255267004,1402.510929666434,0.0,0.0,0.44721359014511114,0.14252124053990006,Inf,0.0,0.0,5,5
2020-01-29T00:58:52.276,2020-01-29T00:59:00.876,A,9.288738304260775,10.013931527140874,21.70638763085574,21.709799738805902,2334.6877588392945,33.46300842105588,6122.968475318417,81.85472821655755,0.0,0.0,0.42149828641989306,0.24595069323132218,Inf,0.0,0.0,5,5
2020-02-19T21:45:05.270,2020-02-19T21:45:13.627,B,33.607228742647735,32.12123772379638,7.692158631740197,7.713396278155573,3.0320790435668714e7,461304.0677926522,3.0599645695566393e7,465465.03797557903,3.130424324134564e7,476569.94303936814,0.010715029937576111,0.009504754963007593,0.010269723550713343,2.7128323076143437e6,41258.75724419172,5,5
2020-02-24T01:34:19.027,2020-02-24T01:34:27.463,B,43.33795877689852,41.3177767110242,9.096490384391863,9.08764393681434,4.367628176989171e7,670194.8342417458,3.464728342202703e7,531967.4579893589,4.459148981112001e7,684515.306831839,0.007982287876223397,0.008961485419259943,0.0078028038883535345,2.52349372174328e6,38701.338437296145,5,5
2020-02-26T01:56:08.553,2020-02-26T01:56:16.997,B,23.390215601012223,19.15250852972607,9.18496044300896,9.174098516375675,4.073355183053397e7,619764.1518398265,3.3107158390303433e7,504501.7102748365,4.099559358114873e7,624730.6053558406,0.008246563339744098,0.009149797856001268,0.008118084419733957,2.4799135190517926e6,37710.60547778629,5,5
2020-03-09T00:45:39.780,2020-03-09T00:45:48.242,B,8.103971384521055,8.654194960986938,19.847974434075052,19.841720051818168,14801.304004981266,151.06518984348426,1.5444557382449096e6,13778.594357995284,0.0,0.0,0.20000006368986178,0.03947234361544212,Inf,25219.79274280303,310.3975943921343,5,5
2020-02-22T04:20:07.383,2020-02-22T04:20:15.782,B,NaN,NaN,10.459974907779888,10.429510314714806,3.893205085908672e7,599163.7514188641,3.2038545843257397e7,492557.94548521115,3.936194861830061e7,605769.3153393307,0.00841256137926861,0.009281079359035604,0.008262723120491523,2.4313540909846844e6,37529.214212760584,5,5
2020-03-22T08:35:16.589,2020-03-22T08:35:25.001,B,20.209766903328354,21.210556065758382,17.872307920945424,17.842303395078904,9473.189932361354,96.68535332595467,149261.74576815387,1665.4746692380509,0.0,0.0,0.25,0.15232873124873567,Inf,11898.452344696096,174.37213838052398,5,5
2020-03-22T14:49:28.450,2020-03-22T14:49:36.862,B,19.14201862852545,20.03504547625466,19.97736047377282,19.9824731037964,2366.27150345325,24.150658206030727,0.0,0.0,0.0,0.0,0.5,Inf,Inf,0.0,0.0,5,5
2020-02-16T01:41:54.122,2020-02-16T01:42:02.447,B,NaN,NaN,9.284684489302803,9.277243120076768,4.218516789408383e7,645547.5817291104,3.435828301064346e7,526050.5179748419,4.305877096401001e7,659665.3982571035,0.008116558513188503,0.008998604332069372,0.007936870269571517,2.360279673787714e6,36174.27237528312,5,5
2020-01-29T04:04:37.486,2020-01-29T04:04:46.082,A,6.662527642470281,7.007339827857341,20.81496409367154,20.800443295658834,238797.89877662365,2887.5955858346197,228821.28764122468,2804.3948819732864,1723.5216589752367,17.590619861800235,0.04044143628170655,0.040390495592427064,0.26726396161527216,14330.639264847829,201.99016390183584,4,4
2020-01-08T09:17:48.605,2020-01-08T09:17:57.317,B,6.888632952383152,7.276093115075426,20.982367475884164,20.95257748590894,3.419395556057671e7,522620.1428901015,3.444337227158828e7,506579.5708141953,3.453022211940862e7,528693.1311348247,0.010009009267713205,0.008978681628744977,0.009969099605236115,2.7371262192424526e6,41871.74460671378,5,5
2020-02-19T21:45:13.593,2020-02-19T21:45:21.964,B,31.32998646519009,29.74662946497685,7.723472549869114,7.743635974799128,3.1086612863866135e7,473219.0227206219,3.0887601785686422e7,470248.1468232827,3.161904065643973e7,481206.0246512604,0.010591968209366906,0.009466753029001192,0.010295901863438628,2.755644584467248e6,41896.23459236512,5,5
2020-02-24T01:34:27.449,2020-02-24T01:34:35.873,B,40.321108713418,38.23427447984004,9.083290615419399,9.07483432277325,4.3621288170678616e7,669476.7731349821,3.4683823927094325e7,532133.3419472955,4.5161942903554335e7,693487.999461561,0.007982836538197143,0.008952665059255498,0.007754827417377792,2.556178568892419e6,39154.915487933635,5,5
2020-02-26T01:56:17.012,2020-02-26T01:56:25.465,B,16.765276486740287,13.885606352041348,9.168725666403022,9.15827030710089,4.041045981020671e7,615561.7145076976,3.2387273651478007e7,492982.22082953854,4.002690923243392e7,609633.2073828293,0.008279664699128463,0.009250077996357152,0.008213677629207576,2.470214078500616e6,37629.912974463805,5,5
2020-03-04T10:14:54.267,2020-03-04T10:15:02.666,B,7.925377889888277,7.675936698478261,10.452037083011898,10.412178366851254,1.7058241723541552e6,18312.08249573488,4.062026915932362e6,33537.97321593843,189031.60098489444,1954.771790704216,0.03724679237098667,0.024421289070422708,0.10552204346784963,271883.413118082,2951.6592352179637,5,5
2020-02-22T04:20:15.752,2020-02-22T04:20:24.157,B,NaN,NaN,10.414731454375815,10.385392292712124,3.8443067461621895e7,591181.8116302754,3.0918234540586323e7,475064.2622418253,3.929593338144526e7,604981.4642622655,0.008470574621793767,0.00944623651446012,0.008278303586509878,2.4523709736664738e6,37832.00474208283,5,5
2020-03-09T00:45:48.259,2020-03-09T00:45:56.730,B,8.931771817268894,9.550603798867,19.838582010212377,19.83205637000309,7670.04554883216,78.282080986775,1.5585356787378662e6,13438.601749792855,7097.08511637029,72.4343254553826,0.2773511010866614,0.03915978830165801,0.28867850347934937,37161.58455700868,432.67218329772135,5,5
2020-01-29T04:04:46.161,2020-01-29T04:04:54.760,A,7.201510509434219,7.650409624664269,20.793043488253765,20.777994918352377,120656.35091503244,1422.8360949330977,97106.90240348567,1126.4715430681244,0.0,0.0,0.055744019651760644,0.0594757400670495,Inf,7845.308070182803,109.45391353829682,4,4
2020-02-16T01:42:02.400,2020-02-16T01:42:10.728,B,44.39392011708086,41.8739444851186,9.273703991638056,9.266702218852656,4.2843428167476445e7,655744.2507311504,3.4250847700723976e7,524243.87740620354,4.25547833520356e7,652714.9245340109,0.008051267342506744,0.009006435861198394,0.00797573216412261,2.3605910109595354e6,36205.23338236033,5,5
2020-01-29T04:04:54.850,2020-01-29T04:05:03.450,A,7.935033712821595,8.524849861866086,20.77021514431655,20.75461535310365,20262.266408477873,204.40749590462136,24996.22665392334,290.47644049876476,0.0,0.0,0.12227857315456447,0.11437591335177807,Inf,736.0622322566533,11.638168083533351,4,4
2020-02-24T01:34:35.876,2020-02-24T01:34:44.301,B,37.15080807537083,34.85731082188659,9.070707675419271,9.062601323196898,4.414681405276144e7,677871.2155945355,3.485847325760547e7,534555.7883284513,4.360625028669264e7,668872.6441509011,0.007931248935161858,0.008923077789163151,0.007877480509213617,2.606276264899383e6,39961.62803537799,5,5
2020-02-26T01:56:25.475,2020-02-26T01:56:33.928,B,13.506414603025057,12.790871493062266,9.153189514630649,9.14313599773401,3.9236347651859246e7,596767.5153395686,3.3556038213534534e7,510925.8664171573,4.092053299390732e7,623630.5787567517,0.008395313667257978,0.009095441403451457,0.00812828090986423,2.473957761169596e6,37592.60647999417,5,5
2020-01-08T09:17:57.455,2020-01-08T09:18:06.149,B,7.479521421446605,7.939743125164139,20.93754235825791,20.906853509932198,3.383394592474779e7,517025.1038574324,3.2815466043062918e7,500896.28657035856,3.431356374192251e7,524336.6044299986,0.010118171619930639,0.009025961710741864,0.010029972693497487,2.7356241431080187e6,41873.41734232578,5,5
2020-02-22T04:20:24.131,2020-02-22T04:20:32.530,B,NaN,NaN,10.3713640110627,10.343231918609243,3.903122667062636e7,600446.2613344318,3.1304513452783115e7,480851.4523799798,3.988439972746277e7,613704.8339590637,0.008412815803435642,0.009393805617771037,0.008222072816509775,2.5360226878074068e6,39074.94001848055,5,5
2020-03-09T00:45:56.743,2020-03-09T00:46:05.205,B,9.873631450098696,10.544100835913913,19.82874362679049,19.8219525593965,2366.490525048304,24.152894881071983,1.0744908397523996e6,9290.33992941073,2366.279179252073,24.150738882484962,0.5,0.04656147370593946,0.5,13874.93919031358,165.94385359594017,5,5
2020-03-23T12:38:54.767,2020-03-23T12:39:03.191,B,9.912357195457336,11.012393921234741,19.26711170590856,19.261981102228514,3546.0835246974943,36.19206373237811,2.0035161571415707e6,20470.471413191655,2379.1622503015224,24.282226334314153,0.4082483053207397,0.03359461386714115,0.5,43316.235910111136,529.9774540407384,5,5
2020-02-16T01:42:10.675,2020-02-16T01:42:18.999,B,40.59579171754377,37.93304041989897,9.26324941687112,9.256655740727778,4.162095283720744e7,637252.8946552093,3.421234679817203e7,523445.2074963717,4.223667196885682e7,647158.8145838389,0.00815862026829953,0.009009974301813802,0.008002784474324558,2.3890620457378016e6,36625.212675618954,5,5
2020-04-24T12:23:03.849,2020-04-24T12:23:12.433,A,7.596263444398915,7.258448950839704,18.597933162460595,18.59570556670511,1161.0887970130125,10.22890059544616,1.7723738314911905e6,10034.081842353886,1352.2930334494226,9.728242053423084,0.3358981696317479,0.01760017217838494,0.3538127564127308,7826.6248788930225,93.49202340665586,4,4
2020-03-04T10:15:02.656,2020-03-04T10:15:11.064,B,7.558005273016784,7.323266124991821,10.393190084287356,10.355377703887033,3.296921740720965e6,32899.270889542044,4.963849645925447e6,40159.57213742734,238624.2014092143,2350.299541304828,0.02704084031475262,0.022379130244575163,0.09766403766743588,593182.9350357158,6151.175305778897,5,5
2020-02-22T04:20:32.520,2020-02-22T04:20:40.905,B,37.68997865548482,33.1679039902714,10.329769151388632,10.303136361340185,3.7042221115646146e7,568681.8129426625,3.0519880699486926e7,468514.03714953136,3.9614965109577544e7,609793.326513606,0.008620349466987733,0.009505170490815812,0.008245727375806764,2.4450624892762327e6,37606.97763680568,5,5
2020-02-26T01:56:33.937,2020-02-26T01:56:56.490,B,12.519086123412283,10.861147008484824,9.138316524481622,9.10603664310371,1.0746703969520566e8,1.6358905777983014e6,8.91705145045444e7,1.359390179435149e6,1.088875170925061e8,1.659104672729288e6,0.009596405298218268,0.01053854626382458,0.009415878962777291,2.501533428122581e6,37921.19218948868,5,5
2020-01-29T22:49:44.862,2020-01-29T22:49:53.480,A,6.138297395803407,6.425441110750144,22.261723491327125,22.276169053588145,1107.477700825114,11.303146689882212,286268.9903693171,3048.8339226527987,492.14809596627026,5.022965842333258,1.6276755782195294,0.036007411862623295,1.3088441157364294,4405.5788025613565,63.15369850680838,5,5
2020-02-24T01:34:44.286,2020-02-24T01:34:52.711,B,33.53073758598938,30.86857971216347,9.058730272942652,9.050961876418848,4.3507881949965775e7,667229.4319088645,3.483191806877808e7,534245.5599065626,4.328394329823791e7,664094.1480907311,0.007993892405354577,0.008934905875182341,0.007912148071012703,2.5535050219184076e6,39136.887258228584,5,5
2020-03-09T00:46:05.218,2020-03-09T00:46:13.683,B,10.895949960387938,11.60516294081531,19.81844434345643,19.81135825192908,2961.25444913301,30.22317996622621,695673.3594084727,6058.1488874859515,0.0,0.0,0.4472135901451111,0.0553638488286343,Inf,6779.0698836599095,80.14385189947569,5,5
2020-01-08T09:18:06.293,2020-01-08T09:18:15.005,B,8.191956884946451,8.728513132642673,20.89115857140031,20.859337395129202,3.526125285373263e7,538919.8184599236,3.3581939821312375e7,512106.605432429,3.471204683935307e7,531446.9991219076,0.009885535148760328,0.008925644646994486,0.009957943224531118,2.7345378626015354e6,41848.980563116915,5,5
2020-03-23T12:39:03.177,2020-03-23T12:39:11.601,B,11.51837059276271,12.533217297771627,19.259326378486637,19.254001750309584,235185.12228075764,2624.2129066710177,2.037919497263365e6,21913.923630648493,14283.121362020638,145.77650928262915,0.09376020893075136,0.032307781364673986,0.20412414866989667,63145.60833793872,826.9057667962338,5,5
2020-02-16T01:42:18.935,2020-02-16T01:42:27.259,B,36.60552943188593,32.8957297105248,9.25336847257794,9.247071268230172,4.20362426669016e7,643456.3004558476,3.421547107942681e7,523563.89310558315,4.274825549589607e7,654887.3061819719,0.008130027441376305,0.009015903824841706,0.007966291047045063,2.4385798176492364e6,37431.67146777806,5,5
2020-02-22T04:20:40.895,2020-02-22T04:20:49.295,B,30.042041320426026,20.186719103341304,10.289958458311412,10.264581149742959,3.813235397774613e7,585878.4695024954,3.030510256633348e7,465393.0575218558,3.9477365288156554e7,607206.2122035866,0.008500006600918831,0.009531565218817348,0.008256073041663014,2.5278033803999163e6,38915.277811739405,5,5
2020-03-04T10:15:11.044,2020-03-04T10:15:19.443,B,7.208993447699182,6.989858066479448,10.336877861416106,10.301083914428387,66499.4928821985,817.8937845738567,519292.92294178467,4450.925892891278,0.0,0.0,0.19127108234526094,0.06489206945451913,Inf,27566.69461380144,341.3918697577929,5,5
2020-02-17T01:05:35.436,2020-02-17T01:05:43.773,B,40.082908602196305,38.165244631948255,8.991480420558256,8.988575265854958,4.512202472678709e7,695643.9977328219,3.759318515010162e7,580015.5235374093,4.583374725063425e7,706608.4561173101,0.007853347039330986,0.008613203704417788,0.007697711793223516,2.3878340172214275e6,36889.28118031243,5,5
2020-02-24T01:34:52.714,2020-02-24T01:35:01.138,B,26.360838183166855,17.138798603878453,9.047269267641378,9.03992274877832,4.447698384221852e7,682960.2219680956,3.510223997989653e7,538701.185583876,4.448074418441187e7,683240.9196197432,0.007903102115687274,0.008892373932923348,0.007800987351083164,2.675690093010082e6,41041.95128745475,5,5
2020-04-24T12:23:21.199,2020-04-24T12:23:29.798,A,6.689823898793688,6.440535641939384,18.591450549549386,18.589411182584165,2934.160096299317,16.61576636404233,2.4934252714988105e6,12719.585954189388,857.266459046442,4.6767700745538505,0.26742163521136103,0.015629851993394075,0.5,12593.606784629661,132.9877104160104,4,4
2020-02-26T01:56:56.500,2020-02-26T01:57:04.949,B,10.656750321326431,10.261264732828947,9.101675147636826,9.093117440812913,3.9628106353150845e7,602433.0374269856,3.276957269816702e7,498439.7897589444,4.105026261208158e7,624489.3600052057,0.008357097399935181,0.009197056630441932,0.008115631522271453,2.4576249329025154e6,37249.50350279691,5,5
2020-02-16T01:42:27.212,2020-02-16T01:42:35.537,B,30.908985654568994,24.721841623579877,9.24394800051876,9.237886694500348,4.224094340617833e7,646617.9933531667,3.446225024661484e7,527844.4473116976,4.2277983810933195e7,648026.3087283013,0.008101183947180514,0.008976009604988412,0.007995989277189685,2.4153536217772663e6,37011.31802662792,5,5
2020-03-09T07:02:06.847,2020-03-09T07:02:15.322,B,5.811578936830463,6.027343146528031,18.48567641593315,18.459437673321656,2354.138611308347,24.026829229006037,1.2945094111548858e6,7645.404731440949,0.0,0.0,0.5,0.05398661139453286,Inf,2972.255030676201,43.727281086139,5,5
2020-03-23T12:39:11.604,2020-03-23T12:39:20.029,B,13.023044975180852,13.970803330666733,19.25126721705708,19.245718799703486,265125.2323266352,2973.2090953812667,2.0406500603818183e6,22828.63505640828,23045.009504438818,235.20216628497553,0.0896550139104707,0.03286548852751027,0.1601302911469857,107748.16338504644,1342.6926964336894,5,5
2020-01-08T09:18:15.143,2020-01-08T09:18:23.855,B,9.024811477202686,9.628927884285162,20.843008426963937,20.81010076278083,3.359367031392339e7,512197.7393271215,3.3114642969077148e7,505873.6089145524,3.5079167463610604e7,536090.5582070658,0.010129704165085223,0.008984655042473894,0.00986350839742909,2.6853727274480327e6,41030.762905750526,5,5
2020-02-22T04:20:49.268,2020-02-22T04:20:57.668,B,15.274930918913789,13.355417393058541,10.251933368002955,10.227626211982844,3.813998273766018e7,586906.098655955,2.932762464210944e7,449204.80829397123,3.934427241286232e7,604645.5379015629,0.008504764077246424,0.009694816336072068,0.008276838675372952,2.534885010136136e6,39006.41125812953,5,5
2020-02-17T01:05:43.724,2020-02-17T01:05:52.061,B,37.203375644219655,35.27998579362228,8.987200756503382,8.984452235270139,4.622290701362467e7,712674.5087060039,3.78442389336428e7,583606.4991254464,4.553937941119167e7,702441.4640949562,0.0077632855145005975,0.008585624363227589,0.00771881850498802,2.424315443464802e6,37404.19500696793,5,5
2020-02-24T01:35:01.124,2020-02-24T01:35:09.548,B,14.211983825458242,13.333344785631237,9.036337104365877,9.029375748613322,4.227066891682992e7,647544.385001193,3.3026589320603676e7,506768.24398586573,4.362873611631699e7,669846.0072185105,0.00810526749361721,0.009160263782696538,0.007885449823920154,2.605570549431654e6,39845.68851759674,5,5
2020-02-26T01:57:04.948,2020-02-26T01:57:13.412,B,10.074502856989767,9.70213126972297,9.08897612926087,9.080689484011108,4.016650429577532e7,609396.6526713443,3.2884412372294087e7,500304.3955953772,4.1666985334782414e7,634314.2127099616,0.008306129969887723,0.009184201043856487,0.008060643351575738,2.461398286121196e6,37238.32599200035,5,5
2020-02-16T01:42:35.472,2020-02-16T01:42:43.797,B,20.504189847125524,13.422644168770315,9.234951126164589,9.229114678609696,4.195301855069866e7,642396.0321957322,3.392144750983161e7,519887.7231199854,4.234353181923995e7,648345.0941436486,0.008138317553356844,0.009051730195655272,0.008002403221528358,2.476231420941437e6,37987.13392217234,5,5
2020-04-24T12:23:29.868,2020-04-24T12:23:38.473,A,6.316386902306741,6.096732983382209,18.588395551757525,18.586439755837077,2703.371567754498,27.5911703299877,2.730894691115823e6,12534.52852924805,0.0,0.0,0.2132025682083367,0.014746615992105324,Inf,15429.143148078678,147.58159599578175,4,4
2020-03-23T12:39:20.014,2020-03-23T12:39:28.439,B,14.442994760427604,15.357208469753077,19.24295338564348,19.237165983946934,281564.18546104827,3312.075935454084,1.2036084957716109e6,13422.586453883809,23404.204050070504,313.3567167387098,0.08999606164029933,0.04195638786007009,0.31034154570246286,66387.12896851452,849.3200596389391,5,5
2020-03-09T07:02:15.349,2020-03-09T07:02:23.824,B,6.145598827911455,6.390695277739564,18.445997239259498,18.41899325006156,26264.94442376237,329.55207514856437,1.2895566684357463e6,10550.410555170827,0.0,0.0,0.295731720510891,0.04525414931464631,Inf,7384.347757387056,99.00373788696993,5,5
2020-02-22T04:20:57.658,2020-02-22T04:21:06.057,B,12.99275244549484,12.380066667005474,10.215518723961802,10.192041365279303,3.731969202121882e7,573785.3882093269,2.9324240997487232e7,448652.319600053,3.8796082089109436e7,596937.5191374702,0.008585943976312965,0.009685297244206439,0.008326129852388661,2.4895074445006438e6,38260.868864035314,5,5
2020-01-08T09:18:23.993,2020-01-08T09:18:32.705,B,9.957808364980652,10.615569326371633,20.79306546943331,20.758994882738264,3.416126749678686e7,522039.2171800719,3.404082167865428e7,519686.1258055639,3.440997375530039e7,526320.1697874853,0.010059265390087824,0.008871257258924809,0.010001286878010867,2.6878439847226227e6,41110.60187751985,5,5
2020-03-07T19:09:25.629,2020-03-07T19:09:34.064,B,5.789288666870285,6.018354557753824,21.115876666067095,21.13025627345716,8864.084546701733,90.4686932746721,476951.3418746618,5720.27968361677,4162.797064739538,42.48637487374333,0.25820123541718654,0.06755366573294382,0.37796446681022644,12645.540253755742,176.27659814219015,5,5
2020-03-04T11:49:13.766,2020-03-04T11:49:22.169,B,8.270870756523387,8.019622655272169,9.799232939493582,9.769016498974125,6.854055802727769e6,71478.08405958644,1.0755138965168975e7,99724.43683815155,503440.35560843954,5849.577617135943,0.01869512347543166,0.014864699296274467,0.06724924151916084,1.1470604035531585e6,12805.75713073861,5,5
2020-02-17T01:05:52.008,2020-02-17T01:06:00.336,B,34.24912836152422,32.135534340816115,8.983141854260829,8.980568505356304,4.578855630175179e7,705910.1230438421,3.765411158729297e7,580391.8546869284,4.55536572853356e7,702434.5530336277,0.007802073369743018,0.008613114414206263,0.00772281658981904,2.4384303565610657e6,37691.07402552944,5,5
2020-02-24T01:35:09.551,2020-02-24T01:35:17.976,B,12.892616186715873,12.245704438131924,9.025883906766666,9.01924683695751,4.159085625320755e7,637792.137886749,3.2983866073196486e7,504728.97802184464,4.389762896440033e7,674622.7259963417,0.008157843006254025,0.009161949694965114,0.007852495992121384,2.4448210518463156e6,37295.472732681956,5,5
2020-03-23T12:39:28.442,2020-03-23T12:39:36.866,B,15.81569975636473,16.72115830243657,19.234263518994897,19.228291719256177,114711.27541885807,1160.8412890349655,578791.835577433,6702.734618255458,34691.4565277992,430.04880178969,0.12902420533199815,0.06029459411299521,0.24951194646772606,32707.297658531978,419.6233025611905,5,5
2020-02-16T01:42:43.753,2020-02-16T01:42:52.072,B,13.058993139209957,12.33550100778333,9.226311208483969,9.220733639848715,4.158296178133534e7,636131.5316327892,3.4261357783146285e7,524638.6000663402,4.2355524000600174e7,648905.0157620689,0.00816486328077916,0.008999890662246343,0.007992060030971134,2.4904891137396414e6,38193.54495106204,5,5
2020-03-09T07:02:23.835,2020-03-09T07:02:32.306,B,6.5339757393691995,6.8211964734684285,18.405087020846924,18.3772105238134,7106.136514055994,72.52670530769193,1.5154273430651177e6,11816.249386586984,2378.218265703419,24.272590643314548,0.28867513950701446,0.040888319446844484,0.5,26575.643707935305,309.9406959215675,5,5
2020-03-07T19:09:34.079,2020-03-07T19:09:42.529,B,6.15057400644291,6.414264580093094,21.137750558717855,21.15269671375846,38393.0942321195,451.1813821506863,919722.04245897,10106.17086681297,0.0,0.0,0.2069351236689323,0.048540545812310154,Inf,31224.976336639193,411.87723126870947,5,5
2020-04-24T12:23:38.546,2020-04-24T12:23:47.146,A,5.98768919891651,5.7871877573197645,18.58546673545039,18.58357628711275,1720.667062465042,17.56148492560903,3.0003732079129275e6,12300.917399871083,548.991216272187,3.9620018934024213,0.26726465024659035,0.014418656810932158,0.5,16777.692778846664,149.20747924335203,4,4
2020-03-23T15:46:03.997,2020-03-23T15:46:12.421,B,12.276943129257356,13.166593896016309,20.19617811658899,20.204684091964257,48293.675739866696,423.7371302684461,58426.442260999924,553.2139292772964,0.0,0.0,0.1251430065202527,0.10437187573727431,Inf,6451.424237515929,80.18729103425534,5,5
2020-02-17T01:06:00.289,2020-02-17T01:06:08.618,B,31.03798810858689,28.19731327705798,8.979286638259044,8.976866936620926,4.5169859562752455e7,695437.2730490088,3.742422286596973e7,576241.4180332674,4.61602089433788e7,711159.8116546883,0.007854480335235135,0.008638489865021,0.0076748382113502565,2.4088873588673067e6,37100.53382240052,5,5
2020-01-08T09:18:32.843,2020-01-08T09:18:41.555,B,10.964174989058993,11.6628710801552,20.74123764774387,20.705668835330723,2.8218064710530676e7,427075.8021653268,2.8569205784095097e7,431819.0885455779,3.457343289419458e7,528286.0456048716,0.010941215595006073,0.0096433946851776,0.009817696129562774,2.321694821904726e6,35182.45683587693,5,5
2020-03-10T06:25:47.073,2020-03-10T06:25:55.560,B,5.925020513342785,6.129615875399416,18.41733490588403,18.389915112446168,4141.6455978902695,42.270497719484474,833111.5938425313,7155.982315736911,0.0,0.0,0.37796446681022644,0.05352731916161632,Inf,7269.424876599778,84.9591104811549,5,5
2020-03-23T15:46:12.427,2020-03-23T15:46:20.846,B,13.602274261048766,14.465610180397224,20.20913045263719,20.21803357215452,4137.034180554359,42.22343201068577,7741.437603227245,66.4692586447334,0.0,0.0,0.37796446681022644,0.31825169064459563,Inf,0.0,0.0,5,5
2020-02-24T01:35:17.961,2020-02-24T01:35:26.386,B,11.933390268337194,11.389194496680009,9.015953639336972,9.009552311728179,3.845483920833044e7,586788.1874614696,3.0465961702219706e7,464041.5707629296,4.4015013951018125e7,675824.8832872305,0.008480054667897181,0.009527804806925189,0.007856870376302599,2.291813485866348e6,34812.58436166198,5,5
2020-02-16T01:42:52.025,2020-02-16T01:43:00.349,B,12.039172094867343,11.497199405230706,9.218036997537055,9.212736876935239,4.195311524739093e7,642173.7077474822,3.375986806647782e7,516641.97317901393,4.150081754152684e7,635786.3343338905,0.008127879322576534,0.009062321403382069,0.008073712516824252,2.4577344825580698e6,37700.11167872966,5,5
2020-03-07T19:09:42.527,2020-03-07T19:09:50.976,B,6.5738883851103695,6.900436937748012,21.160473782859622,21.1761486253094,43751.60322835048,522.8455606724451,1.1874648812009387e6,12427.781910525673,4758.217632014698,48.563360286733555,0.21097354286787093,0.042440158674939873,0.3535534011214167,26169.572211549297,351.7014769501408,5,5
2020-03-04T11:49:22.156,2020-03-04T11:49:30.547,B,7.899233513062161,7.662477837487596,9.754593172111994,9.72626280556857,2.803147374321859e6,31514.727317275363,8.789362118037883e6,80655.44714401671,414593.167574586,4654.876156041261,0.029271761096645824,0.016507108231121354,0.07538743074811369,626754.246068947,7155.452088637794,5,5
2020-02-17T01:06:08.574,2020-02-17T01:06:16.911,B,26.77208436031482,21.277759004338357,8.97565291919582,8.973333599355865,4.619141409995036e7,711894.1779355701,3.752882278370561e7,578046.8266052573,4.5713075105692305e7,704370.7788294711,0.007767695433786438,0.008621264790966286,0.007707347387249583,2.4431816420180276e6,37687.32152693724,5,5
2020-03-09T07:02:32.322,2020-03-09T07:02:40.797,B,7.006472928903888,7.395699521584543,18.362807606034785,18.333760127325373,7099.334696831662,72.45728739587767,1.2909151785785796e6,9857.351701827005,5322.252716860587,54.320018086426614,0.28867515902203905,0.04285110404929034,0.33333774530181925,19810.957204940165,217.69129911100515,5,5
2020-04-24T15:26:35.082,2020-04-24T15:26:43.666,A,11.297974151790907,10.843545625944676,17.57834126511471,17.59943963299992,3547.2818181859657,45.76636360171027,198088.0443960666,2179.453425189411,0.0,0.0,0.5720979768544954,0.04339659122718853,Inf,3960.257516926744,56.71923307587112,5,5
2020-03-10T06:25:55.586,2020-03-10T06:26:04.073,B,6.239160219442094,6.466381641278657,18.375918956039037,18.347672283273646,2365.918728145818,24.147060943646927,1.1416040450630332e6,9038.825953772544,2365.918728145818,24.147060943646927,0.5,0.04238966574160048,0.5,7888.308496307227,89.6331342760819,5,5
2020-02-24T01:35:26.389,2020-02-24T01:35:34.813,B,11.139892777430985,10.668857257738624,9.006401306074341,9.00022655520173,4.005998696259126e7,612336.9868001891,3.097699256938961e7,472971.7576983959,4.326814381563616e7,664104.590512641,0.00830533964321659,0.009440803651474827,0.007909348624553513,2.327994780327648e6,35422.20155143472,5,5
2020-02-16T01:43:00.285,2020-02-16T01:43:08.609,B,11.2319247965109,10.785205818656344,9.210107967038617,9.205068127361768,4.1954247953694046e7,642365.5816384198,3.369579106811968e7,516376.7009740443,4.25960093812508e7,653078.1102916795,0.008136408953270237,0.00907930491148005,0.00798145531274962,2.5242099366661552e6,38732.25872960402,5,5
2020-03-07T19:09:50.992,2020-03-07T19:09:59.441,B,7.078927414243574,7.488814181746367,21.184151292998944,21.20061502992251,301520.4616358165,3366.1544034164926,2.45218643031633e6,23975.065066123705,35248.548335953354,325.1789923540501,0.08539765981197829,0.029914214139699035,0.14072449032951967,116838.98122846577,1368.5767667386358,5,5
2020-01-08T09:18:41.693,2020-01-08T09:18:50.405,B,12.021962231070475,12.754612440103054,20.687428150412085,20.65026923498584,2.1284835080039106e7,308292.11944368714,2.1046157897663265e7,298112.7573398901,3.305626934944434e7,504838.29122070485,0.012625643848509619,0.011344374993131026,0.009730498768992984,1.838128256981011e6,26168.021438927844,5,5
2020-02-17T01:06:16.861,2020-02-17T01:06:25.198,B,18.070304591510563,14.085968053573895,8.972192217280544,8.969963955321722,4.5940317153671205e7,707619.9226101574,3.726862376619178e7,573683.6227552365,4.547707946630791e7,701468.4391855034,0.007788420708815308,0.008651174280647331,0.00772410141963286,2.449261949575331e6,37783.65839617464,5,5
2020-04-25T10:12:42.071,2020-04-25T10:12:50.679,A,13.242084576738021,12.198737578135653,19.232634313221805,19.21996889801773,36572.48159548113,437.1967484932924,1.1418487942985888e6,11064.773521948298,2945.324368702203,25.99151450113746,0.10407388873322433,0.01879532810014251,0.21829932903911833,20393.767130235447,265.0097614118389,4,4
2020-03-09T13:16:56.017,2020-03-09T13:17:04.491,B,5.717509434782752,5.921694268979442,19.84985084725977,19.845857966011376,41667.400515336696,524.9890289011659,627950.1636858985,6258.508788683512,0.0,0.0,0.23487543365416874,0.06442120434547287,Inf,16158.339742999833,225.70853041182062,5,5
2020-04-24T15:26:43.757,2020-04-24T15:26:52.356,A,10.640596535242029,10.236026646197514,17.609488761146256,17.629521246362525,1100.5717177842384,11.232663629878058,331192.1891713863,3184.449800196457,0.0,0.0,2.278110620559686,0.03411706934879395,Inf,5464.508066626228,69.6321723134182,5,5
2020-03-10T06:26:12.611,2020-03-10T06:26:21.101,B,7.002089416520602,7.310369046458036,18.28879423434584,18.2583861604662,289345.2508102013,3000.0378977167175,2.4239463824291555e6,20474.747972128753,62437.14775058256,525.5110117077234,0.0857428163705722,0.03072185772040177,0.1138343903959138,119721.13601280979,1362.5425717976598,5,5
2020-03-04T11:49:30.526,2020-03-04T11:49:38.940,B,7.5454179477710905,7.32240056232504,9.712246899919492,9.68547069667743,37254.133609677505,299.8377472762048,2.316457477585463e6,21789.605113093792,8344.260056326892,85.16325948528564,0.15283568337829426,0.033238950530409574,0.26726123690605164,76875.49457776749,810.4652788186038,5,5
2020-02-24T01:35:34.799,2020-02-24T01:35:43.223,B,10.45738028392132,10.036938970148436,8.997244353384605,8.991283227372572,4.2074189952974476e7,645108.6434730663,3.114073102733803e7,475643.0248546944,4.414115280429427e7,678782.5653668981,0.008122380907354806,0.00942680806328538,0.007841977548842029,2.3760724674193067e6,36111.40487903074,5,5
2020-02-16T01:43:08.562,2020-02-16T01:43:16.890,B,10.56111692646334,10.156759230355906,9.202539978467268,9.197674021853105,4.143486262362669e7,634527.4240504404,3.429014347279253e7,525563.9857289508,4.232107453841596e7,647777.2062416768,0.00817918438612235,0.009001791804045188,0.008001211367763453,2.5265115849506883e6,38697.47541586704,5,5
2020-03-07T19:09:59.436,2020-03-07T19:10:07.891,B,7.692921358680967,8.19621816008473,21.208813310842228,21.22606274473311,40457.91331371882,487.0939810299498,1.5502732570820043e6,15058.694625018064,3554.3874473286282,36.276818030857115,0.20970470907805897,0.03761066965139143,0.4082483053207397,43933.07341663727,540.2817092228828,5,5
2020-02-17T01:06:25.149,2020-02-17T01:06:33.486,B,13.693312062119986,12.934885399453279,8.96888575235339,8.966743892246793,4.6084897220140114e7,710279.9302462877,3.762739522015618e7,579826.2454142337,4.584174585851524e7,706063.3519468661,0.00777622136024574,0.008609243449838067,0.007696111801905675,2.460764291935395e6,37974.34694938267,5,5
2020-04-25T10:12:50.753,2020-04-25T10:12:59.370,A,11.667675023326717,10.533673295916147,19.213729297948365,19.20155984442752,23615.106196632994,266.8295144263245,1.275154852114649e6,11674.499583289724,6343.633115321385,55.71788548524543,0.12741909344554767,0.017962549777695437,0.14656117880651737,16864.39489395087,214.3538738038441,4,4
2020-01-08T09:18:50.543,2020-01-08T09:18:59.255,B,13.123476650030378,13.883715665555169,20.631534519557096,20.592688641843278,2.6180879845583953e7,391204.94620807393,2.5100490103049845e7,376318.4085926089,3.409192598859829e7,521544.74565594574,0.011505997222933948,0.010244587821871475,0.009864215984261585,2.0388208949933178e6,30454.420216136834,5,5
2020-03-09T13:17:04.502,2020-03-09T13:17:12.976,B,6.035695829925817,6.266022726650069,19.843817858364407,19.8397217391781,112626.84161594848,1407.9770226674977,1.3500451170526757e6,12319.58973888683,0.0,0.0,0.14493351634580895,0.04351062653226249,Inf,43378.27453567412,527.5017210330695,5,5
2020-03-04T11:49:47.301,2020-03-04T11:49:55.715,B,6.894231828334981,6.691728190535953,9.634060391380023,9.60954157327638,42934.71367067997,541.0069651408166,763794.063239456,7735.289073112971,0.0,0.0,0.22843233502339041,0.055158468066879886,Inf,22120.996468786245,283.86654110892607,5,5
2020-02-16T01:43:16.837,2020-02-16T01:43:25.162,B,9.962035760227344,9.590660938410362,9.19527147523468,9.190565285157827,4.1128219958457895e7,629039.2010430419,3.3834256409777544e7,517987.04674325656,4.155511826977817e7,636051.3348869039,0.00820405874409,0.009052804961063112,0.008065100363980445,2.598158976197863e6,39834.25624605778,5,5
2020-03-10T06:26:21.142,2020-03-10T06:26:29.623,B,7.48434147557573,7.886810234363102,18.242842843971236,18.21117093949481,194242.80000901537,2166.846663125666,2.196880074929395e6,19436.145723444926,38381.03988903204,332.4461658217965,0.10268219429045335,0.03206407466763775,0.14139368720035816,106795.75879204013,1210.8231675901889,5,5
2020-04-24T15:26:52.426,2020-04-24T15:27:01.031,A,10.053916860648517,9.695183619023995,17.63899676684802,17.657853900351252,86092.53755649894,1047.4760117479966,720894.0368865863,6454.3762289111355,6040.252154507717,76.8775821410882,0.09106666583218015,0.02410938291604563,0.4689263716254924,39538.238984202864,468.77434808340854,5,5
2020-02-17T01:06:33.436,2020-02-17T01:06:41.770,B,12.651963123496852,12.086323439271151,8.965724088068217,8.963685218164493,4.584525044442546e7,706038.993969594,3.779815087535825e7,582862.3441235668,4.540887448114214e7,700004.316653358,0.007789348426069371,0.008586476308934882,0.007728024791254499,2.53847550720115e6,39154.31261014639,5,5
2020-03-07T19:10:07.889,2020-03-07T19:10:16.339,B,8.451981997982138,9.023868759715382,21.2346947858918,21.25259156429487,278332.19224278454,3047.1889931892474,2.1445319184878217e6,19432.45988700392,37710.66291914546,362.77485612223825,0.0928073922884852,0.032125022866913204,0.1317386637210195,72449.64118635101,848.995959109812,5,5
2020-02-24T01:35:43.226,2020-02-24T01:35:51.651,B,9.849669213559723,9.47626063674536,8.988422156125806,8.982717291860048,2.8167093988074265e7,415826.78026824654,2.3360364094204757e7,348164.5484020753,4.0800718432613924e7,624339.4664675959,0.00991315365319643,0.010863796305674685,0.008152929476253616,1.8534044043000708e6,27044.588162677697,5,5
2020-04-25T10:12:59.455,2020-04-25T10:13:08.058,A,9.967746852452168,8.927941786344718,19.19548664772642,19.183782552840054,9680.359272782198,118.69974219604129,1.14655013530818e6,9948.931687966866,2053.2972681368246,18.113605679687115,0.19177903448715575,0.01904808943313608,0.25173881871173787,9728.132265876437,124.46292238921598,4,4
2020-03-09T13:17:13.008,2020-03-09T13:17:21.476,B,6.409965149774011,6.696230390698417,19.837591174109388,19.833354016574706,24485.900800052295,227.95453244989486,1.2905848142666137e6,10563.39632760267,4137.265993803695,42.225798567860274,0.1674360858637149,0.043936017074407495,0.37796446681022644,22960.04293869019,254.16958543511868,5,5
2020-01-08T09:18:59.393,2020-01-08T09:19:08.109,B,14.263835173317565,15.049876225472099,20.57326570298637,20.532786055969495,3.3365874823406924e7,508787.6719215346,3.11575857149481e7,472707.2297125149,3.442806997805354e7,527128.8998554278,0.010150504206188895,0.009250316959885036,0.009963016218324908,2.4951931632379214e6,37866.56137511695,5,5
2020-03-10T06:26:29.648,2020-03-10T06:26:38.135,B,8.088222100420566,10.644539847401626,18.19532102010874,18.162307825532633,2366.8580400457313,24.156644987799854,1.0581846001831575e6,9258.407471682267,0.0,0.0,0.5,0.04577319407996434,Inf,8355.377228091282,108.22440698894667,5,5
2020-02-16T01:43:25.097,2020-02-16T01:43:36.869,B,9.417497048565444,8.875423249283568,9.1882837100934,9.180993057117243,1.0936862341137227e8,1.6723714435542498e6,9.023251375237246e7,1.3796830391526618e6,1.1028307359102239e8,1.6864673117991847e6,0.009538391848806586,0.010456183716958898,0.00936908184015687,2.552929457411998e6,39129.689704402605,5,5
2020-03-04T11:49:55.688,2020-03-04T11:50:04.103,B,6.594637883533533,6.402913871113442,9.597688430864372,9.574138977754323,142861.4660332516,1856.5977311415595,2.0274306296383766e6,18834.22875581976,8310.158862494402,84.81520604803157,0.12599491005407115,0.03370991209800328,0.267265117320779,77598.6455218556,960.7205332905211,5,5
2020-03-07T19:10:16.354,2020-03-07T19:10:24.804,B,9.328246420346309,9.960006884958897,21.261738633293064,21.280334621120044,95779.96160820172,1138.7214737508355,1.2160466056594448e6,10890.53308858546,0.0,0.0,0.15424453709065988,0.041301681278071455,Inf,35987.57777042298,421.2399800659507,5,5
2020-02-17T01:06:41.706,2020-02-17T01:06:50.048,B,11.83649851717067,11.37267590302504,8.962703291966404,8.960767493864482,4.579415704142234e7,704963.5209195314,3.849366704013477e7,592707.9547974917,4.57412745428839e7,704498.9487438702,0.007805388341535929,0.008526623946793679,0.0077093150479588726,2.592911631240357e6,39990.405964170146,5,5
2020-03-10T06:26:38.161,2020-03-10T06:26:46.648,B,11.994137404973998,14.091837681702078,18.145755071820687,18.11165476688286,4732.7767310664885,48.30370555351647,688286.4117813644,6914.68904662019,0.0,0.0,0.3535533947862933,0.05713322492110731,Inf,4966.241464028516,69.56417377905984,5,5
2020-04-25T10:13:08.146,2020-04-25T10:13:16.758,A,8.411989559088072,7.69778461269909,19.177944093938763,19.166575059856925,1228.8655357060559,12.542056050172388,1.216726593516116e6,10031.503194317174,492.1694721870715,5.023184086240982,0.3162277729937791,0.01884797313952811,0.5,5840.453010546875,79.06019381146012,4,4
2020-02-24T01:35:51.636,2020-02-24T01:36:00.061,B,9.300155569807183,8.960943844231076,8.979949464510119,8.974501745987737,3.394151744747821e7,511848.23058108025,2.5845062320674982e7,387106.9635860338,4.2375913090095304e7,648876.0984193629,0.009025148806756263,0.010347859078974902,0.008019684579272613,2.022161780633911e6,29966.10934576153,5,5
2020-02-16T01:43:47.162,2020-02-16T01:43:55.490,B,8.157321866998272,7.878785162450842,9.170844597096494,9.166745514940127,4.067735628047667e7,621249.1105708706,3.3716403582379416e7,516303.085489232,4.284764234980337e7,655990.4346870506,0.008254799473971945,0.00907308387821916,0.007955579879885431,2.5418491326907906e6,38904.80788727047,5,5
2020-03-04T11:50:04.076,2020-03-04T11:50:12.490,B,6.313604830992974,6.133960578657297,9.562927144422865,9.540374652385943,2382.564357182059,24.31694688009158,223575.4383942039,1872.2540990382922,0.0,0.0,0.5,0.09605516565750798,Inf,11648.87537490159,143.5824192435242,5,5
2020-01-08T09:19:08.243,2020-01-08T09:19:16.951,B,15.443543821492192,16.25520999107287,20.51249545708487,20.470554432504343,3.362138497263153e7,513480.7018414998,3.3503075465854324e7,512180.1819331284,3.461177368898155e7,529531.3382969276,0.010134499002884243,0.008929608079757526,0.009967959146953548,2.5897360444281516e6,39581.05592299809,5,5
2020-02-17T01:06:49.999,2020-02-17T01:06:58.336,B,11.14093234373311,10.737327179628725,8.959800294921333,8.957963383162378,4.57310611136421e7,704153.9280250515,3.825722894665101e7,590345.2664217101,4.597438375688802e7,708086.7278715868,0.007803303929174719,0.0085417896355879,0.007687207758726956,2.6394301260833177e6,40722.17966922446,5,5
2020-03-12T16:09:18.847,2020-03-12T16:09:27.371,B,6.921785678721271,7.3696016728869775,20.518317541852607,20.525634007350305,2941.6531126442346,30.023124594030413,542328.3239911471,4653.76234925979,0.0,0.0,0.4472135901451112,0.053329386680283225,Inf,0.0,0.0,5,5
2020-03-09T13:17:21.508,2020-03-09T13:17:29.976,B,6.87232676154495,7.279190628675579,19.831180934746424,19.826784311169202,203443.99799366738,2143.6310338399317,2.0070225751443845e6,14739.093730499597,26137.39445914219,219.47578421634336,0.10566592631857821,0.03538392501243345,0.17622998798073716,90402.50128945512,1002.5656543601796,5,5
2020-04-24T15:27:44.492,2020-04-24T15:27:53.106,A,7.46087750886851,7.238273553050582,17.787649071268667,17.80189248774521,11689.471633710546,87.09807050604513,3.273228390768366e6,16240.678230869336,11829.759090629768,77.36177505449439,0.6581479547207614,0.013225470548761525,0.4949694971573888,64084.71543154259,546.8649416644905,5,5
2020-03-12T16:09:27.407,2020-03-12T16:09:35.946,B,7.607075847240637,8.207021113643263,20.529312252678984,20.536885220034748,13109.400223051056,108.76642902923116,511586.5899240611,4815.757902716765,2381.0212903377655,24.301198682425788,0.2515423564574994,0.060243460478838474,0.5,3420.6372070579705,38.20129228832394,5,5
2020-02-16T01:43:55.437,2020-02-16T01:44:17.549,B,7.745643176886519,6.892234982630128,9.164740824149332,9.151290264896382,1.112203677107227e8,1.698012147096368e6,9.230033804322828e7,1.4137892925127042e6,1.1264831236344793e8,1.722343864315261e6,0.00946823150358805,0.010414112382834113,0.009311176184665653,2.6004471800927552e6,39811.0609958507,5,5
2020-03-04T11:50:29.244,2020-03-04T11:50:37.638,B,5.566757918777267,5.420723935800951,9.467496938295787,9.448173758911642,64070.67342314978,705.9079536411074,818336.0195388936,9039.591263219369,2954.936483891157,30.15869557888779,0.17289120599546962,0.05351080614093495,0.44721359014511114,27477.850785564216,354.56866638705117,5,5
2020-02-17T01:06:58.286,2020-02-17T01:07:06.623,B,10.535566534521752,10.159043142082744,8.957045102309852,8.955269665014315,4.4928263645812e7,691663.916825629,3.734939430993036e7,575825.2599965973,4.574328087712863e7,704841.9576424723,0.007870031499362388,0.00864028121416135,0.007706693176742794,2.662106983561011e6,41049.29881455231,5,5
2020-01-08T09:19:17.074,2020-01-08T09:19:25.792,B,16.664281956919815,17.505053992702365,20.4493948674469,20.405798727705942,3.479858390812688e7,532506.8784835855,3.4820308036032856e7,532959.2487988762,3.503200240637219e7,536011.6901765575,0.009964600786061302,0.008773577903965149,0.009969490806464629,2.6465382527128477e6,40572.99389124902,5,5
2020-04-25T10:13:16.842,2020-04-25T10:13:25.445,A,7.415706176360027,6.945033114181874,19.160970612252587,19.149956472764043,4477.965920137523,40.41362963460226,1.6804179649968403e6,12749.451505249208,2947.887737459842,39.71397931711823,0.17014147664256887,0.016725069817225588,0.3562270346150255,7822.8922752890485,97.92558071746024,4,4
2020-02-24T01:36:00.064,2020-02-24T01:36:08.488,B,8.79118156574341,8.483358102752947,8.971772358144992,8.966564218895927,3.0566416810926497e7,455670.5852357072,2.5919050959957838e7,388208.7337302497,4.159315999394512e7,636987.107569098,0.009502866322086058,0.010326171881547809,0.008073478721682575,1.9893254491851307e6,29262.45585615435,5,5
2020-03-09T13:17:30.004,2020-03-09T13:17:38.482,B,7.483755377849297,8.273222254634367,19.824576550844345,19.82000149316233,196249.22824013451,1883.4183597521505,1.8021526851701557e6,14884.161327041229,22112.309069963936,174.5135740960273,0.10157981955178808,0.03620670094681625,0.19490025889804896,94665.77239268977,1013.7766596906833,5,5
2020-03-12T16:09:35.982,2020-03-12T16:09:44.521,B,8.555736360808435,9.302522403693885,20.540723803599505,20.54854596065069,2936.616102052949,29.971714562544,503475.6986058719,4944.880629822616,0.0,0.0,0.4472135901451111,0.061085050714805654,Inf,416.72639902335374,4.253196259010325,5,5
2020-03-04T11:50:37.632,2020-03-04T11:50:46.025,B,5.347899766875886,5.21068739759795,9.438528952876197,9.419883828488569,4727.059307105375,48.24535118435853,184454.64732169494,1931.6643217281944,0.0,0.0,0.35355338454246527,0.1144578499546288,Inf,5346.127337537907,75.97622396708786,5,5
2020-03-12T16:09:44.551,2020-03-12T16:09:53.081,B,9.726267228829375,10.580214436681342,20.552548087482084,20.560617644803752,2394.3796451625553,24.437536208588355,286034.566924888,3326.4496107324585,0.0,0.0,0.5,0.08743696053227383,Inf,0.0,0.0,5,5
2020-02-16T04:48:40.150,2020-02-16T04:48:48.478,B,NaN,NaN,11.017578213171582,10.979603369622078,6.20071585687109e7,947696.078062534,5.1283981027148575e7,784202.7726050287,6.340740149531634e7,970047.7758426715,0.00888851079985259,0.009961233954787797,0.008934277615600164,2.253142706492174e6,34473.68648920637,5,5
2020-02-24T04:41:02.643,2020-02-24T04:41:11.068,B,NaN,NaN,10.814766715755814,10.773770983569767,4.5253881351118624e7,699903.1906013752,3.60869381202132e7,559171.6814497143,4.539472901190272e7,702903.3615552326,0.007842940945913137,0.008780808233890039,0.007734376298338227,2.5767530072312783e6,39867.16605946714,5,5
2020-02-17T01:07:06.574,2020-02-17T01:07:14.911,B,9.976836062040862,9.624069006383321,8.95439560833272,8.952678998384048,4.4964587902142964e7,691934.822544963,3.735643646785699e7,575885.2016689188,4.5993137918564685e7,708342.0723137103,0.007867001615307978,0.008638699046159002,0.007685864886980731,2.705832668853144e6,41716.59912950857,5,5
2020-04-19T15:22:31.443,2020-04-19T15:22:39.977,A,15.02198817312139,12.414288952812264,17.820163021152904,17.839576603739154,117641.68652423576,1281.5577402332153,655023.592996644,6397.640068137319,20113.75286514747,224.99274082534072,0.056386837047100305,0.02445997926614111,0.13140229690162805,31180.686250142597,381.29049636575445,5,5
2020-04-24T15:27:53.176,2020-04-24T15:28:01.781,A,7.136733634896148,6.932632057564906,17.8086332001861,17.822182453194454,15368.587843276386,101.68026564294044,3.8038728233569576e6,17849.332891104685,14346.26910401725,136.40217757401055,0.5946914436359511,0.01237345249727229,0.3739581188161596,79471.26474927465,643.6768904548686,5,5
2020-01-08T09:19:25.930,2020-01-08T09:19:34.642,B,17.93364985509144,18.804221406851564,20.38352379325299,20.338311673844125,3.4271802437740654e7,523937.0682740219,3.3756444343316e7,515945.0256150798,3.482728156376472e7,532493.794728574,0.010070957007001832,0.008901422259301132,0.009978345309557834,2.612579262822552e6,40029.959280809606,5,5
2020-03-12T16:09:53.138,2020-03-12T16:10:01.656,B,11.022789945854193,11.903004604390366,20.5648436339554,20.573248476792394,14295.899916700853,133.3174294463206,188685.88617125098,2075.2234114437983,10053.30221030202,86.80193082971843,0.21921091432207007,0.09612082559833193,0.2791132412344269,7515.779311200287,103.72101705293072,5,5
2020-03-09T13:17:38.504,2020-03-09T13:17:46.979,B,8.668095027103284,9.720455757314513,19.817713156863206,19.813006390788622,44278.92901310775,482.9318017458312,1.3076037424628779e6,11763.689564248869,6512.520231535502,66.46813744369194,0.19645335286485754,0.04251581848316635,0.3015153848182346,35420.215990808574,422.0353791469737,5,5
2020-04-25T10:13:25.533,2020-04-25T10:13:34.145,A,6.7654213456652235,6.424870180719108,19.144556657700218,19.13384889398959,19764.309407155008,208.1878320244138,2.9085526463567168e6,20839.310155686187,11720.319041210709,133.98242574295068,0.1272902649983008,0.013451453092274478,0.16108857495329598,21793.031602730825,256.5675969227553,4,4
2020-02-16T04:48:52.559,2020-02-16T04:49:13.281,B,NaN,NaN,10.933133137277087,10.820596563195577,1.2889199405215643e8,1.970320952481504e6,1.039934459654714e8,1.5858350479475942e6,1.3251717810082896e8,2.030487326579526e6,0.009369019231028309,0.010584316719519166,0.009368912867149458,2.2630783699932913e6,34604.360254162915,5,5
2020-02-17T01:07:14.861,2020-02-17T01:07:23.198,B,9.457167110066763,9.125112272041587,8.951846296011773,8.950185873160578,4.571137391888765e7,703571.1224232865,3.803805829535106e7,586123.7614710585,4.619013302475351e7,711299.1631177777,0.0078074366225740445,0.00856791022354779,0.007669306643863578,2.715835729060655e6,41906.94987979783,5,5
2020-02-24T04:41:11.071,2020-02-24T04:41:19.495,B,NaN,NaN,10.753646549828705,10.714940197919205,4.523840135808971e7,700064.7232955261,3.5174602790728875e7,544696.3651093763,4.5041100667584136e7,696970.3061564657,0.007836184201576727,0.0088786045425556,0.007753224764420677,2.6103773226225115e6,40382.91929548308,5,5
2020-03-12T16:10:01.713,2020-03-12T16:10:10.231,B,12.344715561968128,13.222050400655162,20.577593868429616,20.58639644073694,156707.26394051913,1731.0731649774993,240363.9555454826,2996.5410744237797,2363.3454931624306,24.120796747791072,0.1122755189268074,0.09501480487832444,0.5,25754.164347917096,352.8693711338803,5,5
2020-03-12T16:10:10.288,2020-03-12T16:10:18.806,B,13.663083885954206,14.538555582013629,20.590844014988864,20.600074638448156,7681.706096833477,78.40109158949032,0.0,0.0,0.0,0.0,0.2773501052682746,Inf,Inf,0.0,0.0,5,5
2020-03-09T13:17:46.989,2020-03-09T13:17:55.479,B,10.291978108738032,11.403900178105133,19.810636907168014,19.80577747909188,4150.942416106456,42.365384689104495,767027.1313219799,7449.519377299421,0.0,0.0,0.3779644668102265,0.054512147906506575,Inf,12727.20732417458,158.32254523231484,5,5
2020-01-08T09:19:34.780,2020-01-08T09:19:43.492,B,19.254385842790878,20.15992411083024,20.314969177104967,20.268023472942357,4.3335026314107455e7,662518.3561363262,3.41220817543886e7,521866.881247616,4.342264353282962e7,663984.2187227317,0.007993078565798957,0.008859803142434822,0.007985206561855451,2.413461701615304e6,36903.80938531589,5,5
2020-03-09T13:18:12.495,2020-03-09T13:18:20.964,B,14.983765834263028,15.957278672614875,19.787885167279228,19.782507084400073,2368.3151456307583,24.17151789244646,136619.02135192975,1579.6375631057858,0.0,0.0,0.5,0.11299171020433521,Inf,0.0,0.0,5,5
2020-04-19T15:22:40.012,2020-04-19T15:22:48.559,A,11.121397805148117,10.695778238163987,17.849233387428164,17.867492246005416,241466.18638751903,2677.5848678005605,838527.1642558463,8148.009209288151,33214.58120868503,367.4501028748172,0.03947883091849436,0.021812734981431568,0.10575199456818957,53343.185698321846,638.244319030226,5,5
2020-03-09T17:58:12.747,2020-03-09T17:58:21.225,B,11.201581970028261,12.206811485959696,21.05510180072902,21.070438239301843,2366.8580400457313,24.156644987799854,10858.739595126897,99.90617833332522,0.0,0.0,0.5,0.2368846428163896,Inf,0.0,0.0,5,5
2020-02-16T04:49:18.047,2020-02-16T04:49:40.862,B,NaN,23.80606565501502,10.776523280409611,10.667939771884607,1.3914895338049036e8,2.1231944406247707e6,1.1199981845336038e8,1.7112352195762284e6,1.4408691235287738e8,2.203185421884422e6,0.009631238107991774,0.010891774793731771,0.00962037961559212,2.32892668353251e6,35560.58272743898,5,5
2020-02-24T04:41:19.481,2020-02-24T04:41:27.905,B,NaN,NaN,10.695642198517428,10.658851377800698,4.479025722641831e7,692788.6754898975,3.529716069368857e7,546265.9117530539,4.555641894253217e7,705095.9750927794,0.00787923646305209,0.008873906425505501,0.007715897656821009,2.595987024060677e6,40179.96633892599,5,5
2020-02-17T01:07:23.149,2020-02-17T01:07:31.486,B,8.971101564148496,8.663135888756047,8.94939068789159,8.947800605151395,4.5316818678376555e7,698134.0288400688,3.6768812425456315e7,565975.6383769561,4.540223505835239e7,698829.3662787257,0.007837978764066682,0.008704998785746536,0.00773196509830689,2.708647242816543e6,41753.72046948242,5,5
2020-04-25T10:13:34.230,2020-04-25T10:13:42.833,A,6.286024759068066,6.008654722011028,19.128654317612092,19.11827190542299,40307.77193933905,459.84765099773955,3.7602744039184474e6,25205.957756605036,13480.553272137206,138.97859983200692,0.09719292906493758,0.012382432287733235,0.14965060519988868,38363.99136583785,449.68516409792164,4,4
2020-04-24T15:28:01.851,2020-04-24T15:28:10.456,A,6.836790862257928,6.650524347841497,17.828714153627413,17.841609270189554,14086.31994229445,122.93234194107075,4.518684442116951e6,19914.69451777296,19479.773544878713,173.85744022445232,0.4908716701135073,0.011412377032012175,0.25060709763310707,91273.89189314604,719.2024314737931,5,5
2020-03-09T17:58:21.251,2020-03-09T17:58:29.719,B,12.706287104439596,13.691539239961743,21.078295323137976,21.094397396891132,100002.2012100105,929.4251153515638,137405.4892091653,1442.7735209796726,0.0,0.0,0.14506674170533676,0.12900479518389002,Inf,17810.169289448524,224.2127757333038,5,5
2020-01-08T09:19:43.630,2020-01-08T09:19:52.342,B,20.632688133055023,21.578216177504665,20.24354995191101,20.194602909848314,4.319718854727082e7,661301.9415618062,3.422812562406366e7,523818.1033936535,4.334255190323228e7,664023.6239458539,0.008002762668473015,0.00884470190900287,0.007989398847705302,2.340584177249071e6,35818.89310805045,5,5
2020-04-22T01:05:04.852,2020-04-22T01:05:13.414,A,2.79166386958484,2.749783070234249,19.52184613647417,19.513653355210977,7748.0656537264285,88.70683991818578,2.529728562739373e6,23755.784885687404,5284.247736795038,59.88576427482458,0.18237620328730764,0.012329800989330215,0.2493832110059115,15874.814301885157,198.41531812215095,4,4
2020-02-24T04:41:27.908,2020-02-24T04:41:36.333,B,NaN,NaN,10.640494879511435,10.605118652193768,4.561109964045851e7,705443.5627458461,3.5916281061876565e7,555640.7821880388,4.546109355448569e7,703152.3502863316,0.007807913027742871,0.008793717846668155,0.007719519286988912,2.6644956024401393e6,41216.65228549721,5,5
2020-02-16T04:49:45.622,2020-02-16T04:50:08.422,B,17.063023591383295,12.21200082127035,10.629803046756534,10.53552554484038,1.4180076979486963e8,2.165756860746883e6,1.1238565686291838e8,1.717145820055651e6,1.455701001525621e8,2.22534766854865e6,0.00955144424495029,0.01082391801409471,0.009565319145352726,2.4299781824803953e6,37138.333573422344,5,5
2020-03-09T17:58:29.751,2020-03-09T17:58:38.234,B,14.186952442476768,15.168706046325656,21.102493984188513,21.119461571717974,92326.30450204639,930.6403554000021,87979.82345034463,857.6476622654149,0.0,0.0,0.14428004735871672,0.12397261499539847,Inf,17918.76864932966,226.67623929432466,5,5
2020-02-17T01:07:31.436,2020-02-17T01:07:43.226,B,8.51525506693854,8.054427592199376,8.947023870205836,8.944558406764239,1.2170059947837533e8,1.8742398641884793e6,1.0227345470233014e8,1.5752065146681967e6,1.2055017727371335e8,1.8538851816123128e6,0.009054116403614584,0.009898019894911741,0.008960200101830193,2.7950527729991367e6,43060.36369986495,5,5
2020-04-19T15:22:48.624,2020-04-19T15:22:57.152,A,10.482263417900109,10.100977167648836,17.87665192100572,17.894026370020562,433165.5521773111,4786.182274288181,1.0469055854484129e6,9915.580678830143,48731.35805993332,560.2992376670585,0.029701307185004962,0.019508284675722142,0.0869387382585119,76469.12001900663,901.0931750632855,5,5
2020-01-08T09:19:52.480,2020-01-08T09:20:01.192,B,22.074230857397588,23.075072966460823,20.16912330895408,20.117782770443394,4.2966030459622115e7,657544.6968876601,3.374883672841364e7,516291.6725048362,4.362322661760381e7,667568.0763139605,0.008022743755725549,0.008902696303490248,0.0079673821474196,2.3809008281549728e6,36527.10878828148,5,5
2020-04-25T10:13:42.921,2020-04-25T10:13:51.533,A,5.894111732705552,5.665025754094602,19.113259939026733,19.10323600623422,50015.257699817405,615.2132076383606,3.591520082487266e6,21665.738315928877,8473.865352678315,92.85551526239595,0.08957000044847552,0.013482889232871206,0.17532813551716284,34265.065355824016,385.96619631790236,4,4
2020-03-09T17:58:38.245,2020-03-09T17:58:46.738,B,15.657279157117976,16.646793226728967,21.127926775665877,21.145608670765117,180358.33131534632,1921.7717699903467,199355.42549208744,2272.5747698312184,0.0,0.0,0.10093446812300282,0.10274859269603435,Inf,13064.66499168917,175.9239592191281,5,5
2020-02-24T04:41:36.320,2020-02-24T04:41:44.758,B,NaN,NaN,10.587841022155358,10.55374059223365,4.494816609644829e7,695206.9990468635,3.625264696041736e7,561391.9697484118,4.563012454094712e7,705916.6022362318,0.007861962624523173,0.008756166839734961,0.0077098627737804725,2.697844745311719e6,41780.21447172256,5,5
2020-04-22T01:05:13.477,2020-04-22T01:05:22.057,A,2.7297149227767132,2.689452983807995,19.50966480622083,19.501662736455554,7111.427727243861,66.04541635181488,2.4215125731256735e6,20619.391162861302,7989.254086254947,74.20155796247487,0.13434786564296544,0.012199282574990717,0.12666792483225536,30138.276113149695,337.9202367806646,5,5
2020-02-17T01:07:53.536,2020-02-17T01:08:01.873,B,7.443446742776261,7.201214699274358,8.941139477290418,8.939743835741314,4.504703581364868e7,692715.2579694916,3.782765502788288e7,582205.0515708887,4.513193342781484e7,694104.9607068999,0.007862012237315629,0.008590996738782126,0.007762100552471561,2.895340293460738e6,44685.52209713591,5,5
2020-02-16T04:50:13.203,2020-02-16T04:50:35.997,B,11.632702415303346,10.290797854873333,10.502017313805966,10.419415191134746,1.379661985210229e8,2.101961887914159e6,1.1546242225200446e8,1.7597558338305114e6,1.4244433027468103e8,2.172872080891652e6,0.009628155993259717,0.010714349505875631,0.009637854156840948,2.5240091263357457e6,38500.11892274815,5,5
2020-04-24T15:28:10.529,2020-04-24T15:28:19.129,A,6.559243928980157,6.389365049480491,17.847975999131723,17.86025568641074,16567.250555292365,124.75876730735148,5.108516821880571e6,20647.28562214345,21646.112430321384,162.3475132997745,0.4698433662056911,0.011010005268666872,0.25320836350683185,94508.46482358707,703.684911976058,5,5
2020-01-08T09:20:01.330,2020-01-08T09:20:10.042,B,23.589243244357725,24.651078148800764,20.09154221169682,20.037671817548333,4.314248129733294e7,660137.7542093432,3.406507575384823e7,521311.9188096066,4.3130811160055526e7,659980.3255122054,0.008006932201437727,0.008860863570970242,0.008008531189833462,2.3644294178772517e6,36260.211376178806,5,5
2020-03-09T17:58:46.760,2020-03-09T17:58:55.238,B,17.141825313182423,18.139749026010715,21.154573563465544,21.172931036419833,211386.1252778542,1787.0573275507804,349611.5587738933,3820.768405391618,2353.409464514463,24.019388784974254,0.09008730587944512,0.08162302845744425,0.5,29548.307332933182,349.1087273846951,5,5
2020-04-19T15:22:57.187,2020-04-19T15:23:05.730,A,9.917846031222151,9.567705831497065,17.90255004954164,17.91920374219083,204390.61991137642,2178.4936939638987,1.0144710573094357e6,9022.82759212124,33358.61650351086,360.21116073131947,0.043298188665309226,0.019898219359798967,0.1005407530133232,54944.82223692195,636.9384916322324,5,5
2020-02-24T04:41:44.743,2020-02-24T04:41:53.168,B,NaN,44.47916430023783,10.537377459828749,10.504646506919137,4.588823105688819e7,710475.1759889494,3.554894089889233e7,550399.2641461602,4.5944282601123385e7,710551.8796063951,0.007790063042307597,0.008842625756641766,0.007690745730576225,2.6077073555534114e6,40357.279710511124,5,5
2020-02-16T21:59:21.717,2020-02-16T21:59:30.054,B,29.689991829279528,28.186305240522714,7.775659746594664,7.797410041215573,4.110723250519251e7,631195.6588148508,3.3410726551144622e7,511419.94539083086,4.184749041788005e7,642976.7320461498,0.008211699477696644,0.009116325935175616,0.008034826121571595,2.7124040089145955e6,41592.87112640399,5,5
2020-02-17T01:08:01.824,2020-02-17T01:08:10.157,B,7.0867741451961805,6.864989559579946,8.939064232246796,8.93772512464686,4.5436685093013525e7,698574.0458931538,3.774684296254569e7,581353.2344326607,4.558993742940847e7,701494.1911532385,0.007825633229527642,0.008591577584075683,0.007717187618690592,2.9942863240025816e6,46155.71997878847,5,5
2020-04-22T01:05:22.114,2020-04-22T01:05:30.676,A,2.670032398668507,2.6315435330624632,19.497766325903726,19.490017200218826,3007.7890535649713,29.0654442387534,1.7928435534910597e6,14699.18138381085,5653.793949665298,63.65877871794988,0.20483159828918185,0.014379722073310355,0.2371120979443286,21766.905638486143,230.6510194611416,5,5
2020-04-25T10:13:51.621,2020-04-25T10:14:00.215,A,5.559509927637173,5.363334199519836,19.098323159489762,19.088683888709415,7661.747828930906,70.11611708088348,2.6321224841880896e6,11546.090400743236,984.7440431997768,10.05050250860485,0.23553310348433687,0.017302860397531577,0.3535537810534769,10596.80885066083,134.4791024008063,4,4
2020-01-08T09:20:10.177,2020-01-08T09:20:18.880,B,25.18342512504189,26.309188142729674,20.010683923373307,19.954230149161535,4.2378887131917454e7,647425.5393032355,3.3552430625580795e7,513026.7504589092,4.298847642788984e7,657760.587210531,0.00807916338953296,0.008928868066053735,0.008023692233193259,2.3091189836681257e6,35336.852612545015,5,5
2020-02-24T04:41:53.171,2020-02-24T04:42:01.595,B,42.69743640377077,39.14537354232385,10.489019933319753,10.457866707373132,4.546986108157103e7,703438.0478443833,3.55475176615358e7,549897.341946526,4.577930882831575e7,707836.197481716,0.007818066414787954,0.008835866911212575,0.007693548970556196,2.6317683962140623e6,40667.40717448251,5,5
2020-03-09T17:58:55.263,2020-03-09T17:59:03.732,B,18.644904739707066,19.657142589698818,21.182412961729497,21.201499378979474,2.4217851577882646e6,27092.50533619838,1.4992529828012495e6,16687.069976426705,41327.47615555714,570.4323060859576,0.031092973614728833,0.038631314898877514,0.23840068799178854,183303.5147049698,2329.8872377353628,5,5
2020-02-16T21:59:30.004,2020-02-16T21:59:52.141,B,27.434541279668693,21.514226095156964,7.808282226928123,7.877457738522394,1.0954362057279573e8,1.680102446133774e6,9.15304796123514e7,1.403923936307392e6,1.1225592713466519e8,1.7236525891588798e6,0.00948227319306357,0.010432828871454967,0.009318512414575495,2.7684577193002896e6,42528.492050643246,5,5
2020-04-22T01:05:39.382,2020-04-22T01:05:47.939,A,2.5573778095078583,2.522935541039275,19.474848532188425,19.467506126523016,1963.7338949519367,20.04227538077434,1.2842888598998806e6,10954.934880003515,2872.7370194417877,23.61722036328439,0.2500010692932684,0.017883299333421806,0.22445325412337844,12800.550588943188,143.4578277207475,5,5
2020-04-24T15:28:19.219,2020-04-24T15:28:27.804,A,6.304190808238607,6.145172267608115,17.866412502665696,17.878177441968546,24833.790265877193,154.03272415509053,5.57103880446792e6,20433.92448233596,24324.413671195107,140.7627375998286,0.37272533596473284,0.010675822145650068,0.27118657621922687,107469.18088066872,712.9692638601686,5,5
2020-03-21T12:18:17.760,2020-03-21T12:18:26.424,B,15.051785368899543,16.07560656450305,19.17307187179704,19.164735076130295,11244.82381231114,102.27293285625218,544976.8062313368,6008.893384023636,0.0,0.0,0.2513421995726288,0.06364073920989524,Inf,5562.100690250023,71.57691175470293,5,5
2020-04-19T15:23:05.781,2020-04-19T15:23:14.332,A,9.401698840663206,9.076967626298496,17.927280391053042,17.943230419038088,260587.71433683482,2659.0497015753313,1.0789700941883335e6,9092.374848580388,36478.93220768179,356.88928035458736,0.038633201758191835,0.01960637228642956,0.09965901323027643,61608.20945982485,684.3233355122084,5,5
2020-04-25T10:14:00.308,2020-04-25T10:14:08.917,A,5.2660163849564565,5.092765369704343,19.08385866943358,19.07452858053498,4299.424907728693,11.164212313209543,1.9394502734701955e6,5798.653357542192,0.0,0.0,0.3333583678731793,0.02206462400668686,Inf,633.8292553580759,10.021722467001895,4,4
2020-02-24T04:42:01.581,2020-02-24T04:42:10.005,B,36.93187679601093,31.808990497511758,10.44277338098832,10.413178016222655,4.505787597294438e7,697297.7969314343,3.576303738366831e7,553197.8844571438,4.6531244715773046e7,719548.0017285934,0.007858861608129413,0.008819762824080278,0.007645184062021471,2.6480135567119718e6,40922.18414048497,5,5
2020-01-08T09:20:19.018,2020-01-08T09:20:27.730,B,26.872929596163555,28.06585251393613,19.92596013831028,19.86707666894039,4.2804768042378575e7,654107.7002478145,3.379087670922826e7,516568.7195031286,4.318565177642306e7,660427.1714699615,0.008038971377727468,0.008902436103561114,0.00800629553972283,2.2994761610793243e6,35192.78630944675,5,5
2020-02-16T21:59:52.092,2020-02-16T22:00:00.429,B,19.693739881563957,15.46670151105089,7.886596834339559,7.904596456705159,5.9072047652150124e7,907670.4057184116,4.846758526739466e7,743722.0560085872,6.034959265097651e7,927028.9684947045,0.0088541460148774,0.009753504333177817,0.008664041809097987,2.9532656018509166e6,45407.74882707679,5,5
2020-03-21T12:18:26.522,2020-03-21T12:18:35.187,B,16.57523361622807,17.569820327884234,19.160521830202022,19.151892603042864,2363.882499922779,24.126276580401644,384397.34420800663,4740.252370873338,0.0,0.0,0.5,0.07548739400425436,Inf,2807.910763579676,35.47404729081175,5,5
2020-04-18T11:20:54.896,2020-04-18T11:21:03.430,A,27.20163832367342,25.952079690729896,19.309764153567478,19.29880265306179,4558.121982684779,65.82306724378402,40522.9800054738,539.5727436738352,0.0,0.0,0.29807551269864707,0.09776732462958378,Inf,997.0452774877605,15.764673172702132,5,5
2020-03-21T12:18:35.285,2020-03-21T12:18:43.949,B,18.05678640999784,19.033655439438256,19.147489494960926,19.138555020945528,11251.500624769746,114.83515399074807,178449.1102032962,2109.9765412861902,0.0,0.0,0.22941672958062967,0.10465965476527295,Inf,6679.54383289952,94.42718986342175,5,5
2020-04-25T13:19:12.913,2020-04-25T13:19:21.525,A,8.572851466433436,8.190343652658925,18.275567927693352,18.27838312388316,1230.6378674813504,12.560144513204442,1.3216683577014115e6,11199.612009902912,0.0,0.0,0.3162277634261657,0.01766329026987702,Inf,6706.252740892707,85.64130786990002,4,4
2020-03-21T12:18:44.047,2020-03-21T12:18:52.697,B,19.51443274683133,20.478961241869392,19.133947576109602,19.124704186778963,27096.47685192882,335.8575994667512,53176.85791105393,620.4200936045593,0.0,0.0,0.2665015501403916,0.16419854561819774,Inf,3220.7589412472093,45.74027203539685,5,5
2020-02-24T04:42:10.012,2020-02-24T04:42:18.430,B,29.22803135477004,20.537260497391337,10.398314871803981,10.370196834331109,4.388769095311606e7,678147.9438539083,3.496306220792943e7,539526.7751959134,4.6356624065298416e7,717737.0617509997,0.007952768440156356,0.008910212868015159,0.007651359907291131,2.65859058537698e6,41038.9071958486,5,5
2020-01-08T09:20:27.868,2020-01-08T09:20:36.580,B,28.66884732893352,29.928738441083144,19.837400970692066,19.77616339397069,4.3102887909951955e7,659373.2103196988,3.3718483180451795e7,515417.7603392259,4.299549026114557e7,657410.1817048998,0.008012049730075148,0.008903749614467656,0.008023382164554237,2.3163205670735994e6,35500.86528538494,5,5
2020-04-19T15:23:14.362,2020-04-19T15:23:22.905,A,8.927204531468941,8.625641518868255,17.950799195128738,17.966048491072698,93627.29178377215,826.2729676157212,1.0344570275858121e6,8131.236410195076,29325.057454132268,278.59268432328105,0.0626155549337742,0.020065738883142253,0.10575344611851027,40651.240948789884,442.8916820279167,5,5
2020-03-20T17:35:09.357,2020-03-20T17:35:18.003,B,17.496014061232295,18.435666110564156,20.815455567896116,20.835176827802798,168058.39191056468,2214.9807017588428,167797.93794570456,2261.8351535350494,0.0,0.0,0.11732360203452,0.11587574817024064,Inf,18820.739415851407,261.9385847030619,5,5
2020-04-18T11:21:03.477,2020-04-18T11:21:11.987,A,25.34586656080043,24.13768103637297,19.29356544350461,19.283127661043316,21529.004030930337,246.2917208249604,129188.45663962745,1498.9858035106959,494.56171989685413,5.047599689731156,0.13017393795558366,0.05417941244324272,0.5,6752.542010863765,96.36639036632637,5,5
2020-04-24T15:28:27.894,2020-04-24T15:28:36.494,A,6.066055536338127,5.916957249816997,17.884053519765367,17.895442315197055,21641.624050210492,142.07333026563032,5.746041459829928e6,19199.035122270434,19872.99847620209,106.62213322081816,0.3545602695513711,0.010580260329423516,0.37333004972058276,87506.93436812513,566.3790941624743,5,5
2020-04-22T07:21:42.955,2020-04-22T07:21:51.521,A,4.750433650297461,4.629263142488534,19.870776829489536,19.854111707390345,298824.16313969163,2759.1924262497664,9.972422993400566e6,51257.29690136264,99878.96831419981,825.1469070361941,0.03782151836698315,0.007928722285335458,0.06434994987292812,349571.0893006839,2937.585428222321,5,5
2020-02-24T04:42:18.433,2020-02-24T04:42:26.858,B,16.17327192023808,13.253400614778194,10.356077627144854,10.328894820456297,4.361739433233968e7,673499.6889329712,3.48905156327825e7,538611.8202052908,4.593823575234801e7,710311.3229590369,0.007972600111630864,0.008915448425305079,0.007678734292917335,2.669145147186431e6,41220.233603420726,5,5
2020-03-21T15:25:16.292,2020-03-21T15:25:24.701,B,14.892892950288463,15.747157894115867,20.166286055858826,20.173507078767102,606258.9718382622,5912.925648562106,740638.9234668731,7929.457386024267,11210.450181844244,114.41618748762299,0.06216882534361047,0.054082138302958965,0.22941601071089243,50620.41695471036,581.1217907100038,5,5
2020-04-25T13:19:30.309,2020-04-25T13:19:45.434,A,7.527596795331071,6.942901317383238,18.283789119726503,18.2892200537785,19988.231350413673,191.3597254953815,1.012473515623758e7,75070.73782230954,20553.259737201726,165.59004454348567,0.21287643219674582,0.017199105761071184,0.22814564002045432,10969.602028421672,137.8782537075876,4,4
2020-01-08T09:20:36.718,2020-01-08T09:20:45.430,B,30.573933195665674,31.907093263226848,19.74501098880545,19.681333501683756,4.367782482731288e7,669015.9729122893,3.416093319264683e7,522206.6494879158,4.338185328912476e7,663695.483914295,0.007960200907695711,0.008852617361169855,0.007987228456906647,2.320190635790378e6,35568.752907216156,5,5
2020-04-18T11:21:12.039,2020-04-18T11:21:20.549,A,23.538748513878332,22.35387139003243,19.27805855814186,19.26811614627236,46203.500148888954,534.012277793992,230846.53942205582,2689.800991420344,4764.365946872083,55.82248226448003,0.08914000849692684,0.04105664157275123,0.2655163624880766,9179.962175825363,123.85649972726927,5,5
2020-02-24T04:42:26.843,2020-02-24T04:42:35.268,B,12.914241781007416,12.307524691964648,10.315536692527889,10.289278157191177,4.510334281045814e7,696822.8289856355,3.5584619576057084e7,549691.9923380346,4.6652349253340736e7,720845.0421747473,0.007856975630069313,0.008842871686937225,0.0076397633989545915,2.7027722831099257e6,41697.56996588717,5,5
2020-04-19T15:23:22.956,2020-04-19T15:23:31.493,A,8.488314302296597,8.213707835348385,17.973259875275108,17.987680124859043,280208.2485104692,2665.406820391025,1.418847862083842e6,10869.287010092692,57367.25681222174,598.3266655571231,0.03703307888309346,0.01709650418730135,0.08239611713238376,78687.95223043901,817.8484291021414,5,5
2020-03-21T15:25:24.674,2020-03-21T15:25:33.092,B,16.17005225618151,17.021524965250393,20.17721482049631,20.184697023488063,1.0323045832075715e6,10837.913374401853,817992.0155379365,9038.861062060303,46003.35428408494,603.7939634690593,0.047633142489517055,0.05506962021356516,0.2178956313653977,141146.142860853,1604.0141748866936,5,5
2020-01-08T09:20:45.568,2020-01-08T09:20:54.280,B,32.600482497285576,34.012286662893324,19.648634344595646,19.58243270641512,4.3004762503588125e7,657778.1633628308,3.420350963513659e7,523242.60235446075,4.3430719670028135e7,664540.8030569064,0.0080208072062904,0.008849486782506091,0.00798472246578989,2.2752019856658415e6,34881.400240177,5,5
2020-04-25T13:20:05.088,2020-04-25T13:20:13.700,A,6.073802059349564,5.879043964214311,18.298477170702004,18.300751886396817,2794.021527788412,23.428372382113604,3.282909037363719e6,21781.374624002223,6658.789955229263,77.54747642153524,0.22952791293748248,0.012906645265128993,0.2171981480234577,14150.949606696126,178.41104581002656,4,4
2020-04-18T11:21:20.605,2020-04-18T11:21:29.120,A,21.757768417440488,20.574552862368627,19.26316058755834,19.253669463925068,13879.740820558309,148.4376303427635,245626.58542700805,2677.9216579187796,2696.3217192165744,37.13570327485737,0.1591759603421447,0.039816353731029465,0.3774634866835066,4412.913286778368,61.374154918556485,5,5
2020-04-24T15:28:36.563,2020-04-24T15:28:45.169,A,5.845219592752582,5.704801026584488,17.901016907878283,17.912031208985777,8253.848710892638,55.63239715246108,6.09582507827773e6,18482.53540198142,27200.052997545485,119.10118389032652,0.791089171761689,0.010387136522782612,0.30195045672894916,93413.8339986889,542.571993843186,5,5
2020-04-22T07:21:51.599,2020-04-22T07:22:00.179,A,4.571163577178469,4.459652285048403,19.845885202323096,19.829697921858756,40576.862707304244,287.17166406644134,6.2850047554245135e6,29863.32953895068,21418.31659687798,154.3174836427773,0.0798591528341544,0.010021754774239874,0.11800504912621987,118169.6516111579,909.8368967499491,5,5
2020-01-08T09:20:54.418,2020-01-08T09:21:03.130,B,34.75596595662252,36.24907656189257,19.548119240190303,19.479311475001808,4.3476755594723865e7,665043.2244806949,3.46613710960272e7,530289.6322974514,4.345145970807552e7,664899.1286982216,0.007979936244969834,0.008798921563791773,0.007980737553611464,2.3300018682660963e6,35722.97938013581,5,5
2020-04-19T15:23:31.543,2020-04-19T15:23:40.080,A,8.083085295680972,7.83317725310725,17.99468450551651,18.008346054487866,313632.5650885808,3089.306755236673,1.7229369009113775e6,12815.95875872871,73938.16116362555,761.2410610066281,0.03488304265896712,0.015760280239540618,0.07111490615916821,90741.86190670946,945.5585515330367,5,5
2020-04-25T13:20:13.788,2020-04-25T13:20:22.381,A,5.790387660665141,5.613655905210743,18.301853452609585,18.304049367877177,1851.4370966720053,15.212889918182075,2.6469977943563648e6,16720.477793239308,489.64510129206826,4.997419214647909,0.26923609062189985,0.014697357932086416,0.5,9758.223666669146,123.67193370507597,4,4
2020-04-18T11:22:11.983,2020-04-18T11:22:20.517,A,7.675352608461804,7.243130106153029,19.18530753327868,19.177658367751384,8587.31128777337,86.73008093445097,928701.7746270755,8525.652145212034,4058.0730447840383,37.748713741278465,0.185201871754435,0.02102176440295821,0.17772423194690817,11591.84170032799,144.43392178691255,5,5
2020-03-06T05:42:28.436,2020-03-06T05:42:36.846,B,5.6115656294008955,5.78714334220113,18.69361811001182,18.66845094702148,2368.9627782068374,24.178127451031727,3.06583479901838e6,15952.527054185619,0.0,0.0,0.5,0.03188690074573806,Inf,57000.03173197152,479.56358274198874,5,5
2020-06-11T02:19:53.641,2020-06-11T02:20:02.119,B,13.774243609169918,13.228901208838277,19.243301636032687,19.20322349101343,97378.15765148791,773.3265781121668,731300.2638174631,6938.996224899436,12178.59708890952,142.80622551830928,0.10648840527695011,0.035068557156435164,0.23144003592925855,24872.186456926655,278.65460000696476,5,5
2020-01-08T09:21:03.268,2020-01-08T09:21:11.961,B,37.046115769282395,38.63506071120082,19.443320472363055,19.37157027354323,4.2150155636261016e7,644011.3227433403,3.3937070048892535e7,519064.93813014624,4.335483136926621e7,663200.6563077848,0.008098162668285218,0.008881561458534493,0.007991024273446388,2.2986860060041603e6,35220.43887399765,5,5
2020-04-23T19:07:58.463,2020-04-23T19:08:07.050,A,8.0902402056735,7.823267367250257,17.67371196326043,17.697463715662042,13170.898532234783,78.20366282809154,4.548133499835045e6,20951.433334201713,6964.08011027186,33.0186906106842,0.5617087617323498,0.011274263417734916,1.162390616750792,60433.23469030446,434.15814512593766,5,5
2020-04-24T15:28:45.242,2020-04-24T15:28:53.841,A,5.6376805737835225,5.5049045845832865,17.91737265232429,17.928006922887015,18989.163455572474,53.909487121411495,6.081471900201822e6,17082.42688069634,18716.93615939772,65.75619403675566,0.8262133193952464,0.010542046111238157,0.4641754591565371,85208.96016938606,482.1004167147598,5,5
2020-04-22T07:22:00.230,2020-04-22T07:22:08.792,A,4.404643061165665,4.301990620210539,19.82168286192936,19.8060372472876,36936.848210820746,280.88721568060527,6.364647648153854e6,30433.962071569138,21647.980129379568,192.79473902409234,0.08159363418327402,0.009982133646604864,0.12419856061937715,92825.74357569774,758.3294680764375,5,5
2020-06-11T02:20:27.629,2020-06-11T02:20:36.107,B,9.80813102433771,9.001535092002591,19.019517034819945,18.98555117978955,5308.755612936999,54.18226279920679,2.0416250637263735e6,15269.29711131669,5278.872067943171,83.46631085418971,0.33333408730810726,0.023428641985956043,0.35355339411306846,18122.113677668647,199.0282347508305,5,5
2020-04-25T19:28:28.056,2020-04-25T19:28:36.686,A,7.130819815550622,6.92039058025941,17.793416500917658,17.81274207813415,18712.77111951761,162.3371729594243,6.280248819804871e6,36705.352118368064,17070.683848564357,137.40676514733278,0.12000016682574043,0.009347549605603186,0.09216572579896547,45034.38508122181,431.6969251707412,4,4
2020-04-19T15:23:40.131,2020-04-19T15:23:48.668,A,7.708715233030607,7.481262617554502,18.01516206536064,18.028126267321635,62441.09706407065,490.0417363715926,1.3897846275011788e6,8962.277063040226,21685.320063951374,181.62386006342098,0.07990749309628525,0.01782537016539002,0.11563302755080405,37977.565629280565,366.26880582056015,5,5
2020-01-08T09:21:12.105,2020-01-08T09:21:20.817,B,39.47664100655765,41.19101773417166,19.334268771351567,19.25881880629711,4.3114721910014704e7,658947.2069913078,3.398768920368978e7,519379.1720681903,4.285060790080765e7,655282.389262099,0.008010672685226134,0.008875453535752892,0.008034990729851409,2.314738272383554e6,35509.10040727704,5,5
2020-04-18T11:22:20.564,2020-04-18T11:22:29.089,A,7.038237866606848,6.7188071260048225,19.173866461874056,19.16653324382207,28518.644135489914,326.1298613137704,1.2026590772485875e6,10721.809226218957,10074.006755925433,127.72057341720418,0.10914511857905855,0.019236326451521353,0.18768321720869155,24688.123452706946,306.595537784066,5,5
2020-03-06T05:42:36.849,2020-03-06T05:42:45.273,B,5.878330689704266,6.071418895732624,18.65565445368563,18.629674915187152,2350.9738105021893,23.994528555710385,3.389770148569479e6,19183.24213771552,2942.4003011981927,30.030750973302514,0.5,0.029522254251725444,0.44721359014511114,60753.55913277664,503.7515328404111,5,5
2020-06-11T02:20:36.129,2020-06-11T02:20:44.607,B,8.600728899592315,7.913600359399717,18.968883240057075,18.93601564220455,6963.769679925015,96.85655845016878,2.3954119395993105e6,17000.654623624396,5010.573799059799,65.929418876655,0.30994014337862774,0.022102308374822143,0.36581563065256784,16595.110236106775,193.5648212640707,5,5
2020-01-08T09:21:20.955,2020-01-08T09:21:29.667,B,42.06630232806816,43.89247775466424,19.220517009132607,19.14150347720912,4.2502200973637104e7,648828.8672040227,3.4142117705874905e7,522111.09808531136,4.269000127447067e7,652819.5387423792,0.008065303317568455,0.008859505118453313,0.008047191702701942,2.2935928614140768e6,35106.190455631935,5,5
2020-04-23T19:08:07.126,2020-04-23T19:08:15.713,A,7.695381103888937,7.454760338399485,17.709134290321703,17.731760434043252,19833.732890971285,113.87067616417079,6.225014123603458e6,26438.177084091018,13862.791447199843,82.9625228030621,0.35801803218752903,0.009811432510392834,0.4957521625538395,100432.782796836,616.7095465935438,5,5
2020-04-24T15:28:53.932,2020-04-24T15:29:02.516,A,5.442613965517568,5.318762276489896,17.933155741308447,17.943393075076443,12685.3091046304,43.04344190748068,5.919210751839967e6,15684.45958472639,13195.065003758453,67.16686349012387,0.8254763907970603,0.010743738764003126,0.3514391050769699,84262.88510056923,435.5547696761248,5,5
2020-04-25T19:28:36.768,2020-04-25T19:28:45.362,A,6.820033150751713,6.630210510935963,17.82215794910814,17.840495837422992,25211.271452678076,188.25328655664913,7.330228133583681e6,39072.714567905845,20654.68404400081,211.9923818714361,0.10753164086162147,0.00903943425259582,0.1255728966425263,43946.801494044346,416.2905393624556,4,4
2020-04-22T07:22:08.859,2020-04-22T07:22:17.430,A,4.250592989339268,4.154334890492352,19.798203556060876,19.78290862018641,169051.44394392864,1654.5491785247934,6.122086099672992e6,31300.55785922554,32720.90255522975,256.27953223985185,0.04919622528233482,0.010044727777365758,0.10732478715755975,182887.71866961068,1640.1434947804744,5,5
2020-04-19T15:23:48.718,2020-04-19T15:23:57.255,A,7.3675561746736955,7.155698426138219,18.034607236057422,18.047072737770634,50451.58691642021,370.5662197917086,1.43586726614984e6,9211.911946131826,19825.036568597934,162.1733791441658,0.0978889799154785,0.01762421835520456,0.11489595069314154,34901.75008106881,335.0136755240767,5,5
2020-04-18T11:22:29.121,2020-04-18T11:22:37.636,A,6.559790667704077,6.290492444621595,19.162882679820694,19.15580298502726,29835.066268322833,364.3541503008055,1.1106520388088482e6,9105.294410234626,6929.733664786912,71.36628289557197,0.11312235903716467,0.0211066373338476,0.21541830741353127,17035.834282453627,222.47617241779795,5,5
2020-03-06T05:42:45.255,2020-03-06T05:42:53.686,B,6.174751125559762,6.387540939190515,18.61644213105281,18.58965300693171,2353.392970289206,24.019218726479505,3.7819099526447905e6,20807.200579865268,22946.94202318781,264.85715900346264,0.5,0.02739652482789481,0.32937471674798224,78601.224565298,637.103627231043,5,5
2020-04-21T04:50:32.795,2020-04-21T04:50:41.345,A,3.2180508988073306,3.1657839721670054,19.937532201065597,19.92304128561803,9777.043333297468,114.13432998536858,2.461224118812968e6,24166.950404714287,4070.169195973825,41.54099166324575,0.1841305515193563,0.012983049288419049,0.17407811804838902,42355.33493877396,497.3075198197494,5,5
2020-01-08T09:21:29.805,2020-01-08T09:21:38.517,B,44.80556546796229,46.747252413697645,19.101996711247377,19.01946855567626,4.3755254744676575e7,669375.6989934471,3.4519512811700076e7,527414.8454555547,4.395470797049746e7,672232.522345512,0.007956056287330098,0.008808136110458173,0.007940114455041693,2.3315282010761704e6,35733.86167745896,5,5
2020-06-11T02:20:53.114,2020-06-11T02:21:01.603,B,7.12281222050662,6.844996870191358,18.87306706621541,18.842479267402272,10480.66819492409,113.11223679399122,3.252403707088463e6,23014.97676778217,6313.19061913372,86.62436093886065,0.2745912436928245,0.01910650365768571,0.3259828602627553,25894.192114236037,270.1177881649721,5,5
2020-04-25T19:28:45.456,2020-04-25T19:28:54.071,A,6.5416126925053115,6.36794183296141,17.849410198783072,17.86699708544844,20775.771725568204,186.8647503388982,7.788128593836456e6,38708.96915655621,28783.06349555587,230.8622303448513,0.1275019655237462,0.008938867123749125,0.107731504287009,65351.384949432875,560.0419383096992,4,4
2020-04-21T04:50:41.414,2020-04-21T04:50:49.976,A,3.1401536765974747,3.0902680578644115,19.915861596973325,19.901731060140545,5392.385169973519,61.400357377492384,2.3086000267721782e6,23087.273647555314,4111.719388510528,53.97969071935055,0.24442569473308104,0.013424193367577197,0.2957978394822876,38703.37675753237,460.64843881949304,5,5
2020-01-08T09:21:38.655,2020-01-08T09:21:47.367,B,47.720070009810954,49.7418015762032,18.978144412017667,18.892658591122967,4.34450405630516e7,663617.5705994853,3.446205640916971e7,527422.5906780143,4.317619528526767e7,660313.0441813061,0.00798412251197267,0.008816140877267143,0.008006649429547227,2.3479779617854943e6,35859.04360406475,5,5
2020-04-24T15:29:02.607,2020-04-24T15:29:11.191,A,5.260103689860438,5.1442934627514845,17.948352727011045,17.958171238775986,9316.763037540806,38.34118605966737,5.785933320403026e6,13909.15283773403,16985.95443129061,63.554297376748906,0.6573318537596761,0.011051666625118693,0.48737215729807676,79966.19067860323,385.01226330249165,5,5
2020-04-23T19:08:15.788,2020-04-23T19:08:24.375,A,7.341952928753254,7.1236683653075294,17.742719434164627,17.764292222792495,22335.359237146433,109.88327185621368,7.519590363928674e6,29379.85825806926,17799.717823440038,102.11993969878854,0.3888320711290802,0.009049406108295466,0.333580410454993,104121.20643565545,619.5939438185546,5,5
2020-04-19T15:23:57.302,2020-04-19T15:24:05.830,A,7.052146221823189,6.854485989370826,18.0532260073419,18.06521567741983,44199.90064050236,321.68432737326424,1.5399178208975014e6,9521.180855237213,25019.983488450678,253.1401585963631,0.08985215295693266,0.017313435411845823,0.1217810031935422,26717.675558599658,258.09167722177676,5,5
2020-04-22T07:22:17.496,2020-04-22T07:22:26.067,A,4.1070402864490205,4.015807322899324,19.775311459426092,19.760360600087633,94004.56267231877,936.1159968401932,3.5998176326059843e6,19394.869685983373,13419.210506647043,94.2357574165205,0.06528820316694409,0.012782141285445983,0.11287148739892001,111801.18905827019,994.2578069970023,5,5
2020-06-11T02:21:01.614,2020-06-11T02:21:10.103,B,6.725017464176595,6.5111114360386395,18.82763173852671,18.798320231301496,26866.264533728085,332.3016137171088,4.1211021313561527e6,28060.580373387733,16964.9703911079,225.12196412017803,0.16317635302677477,0.01728559730854778,0.19912530841021656,48262.24456085649,511.709766983008,5,5
2020-03-06T05:42:53.671,2020-03-06T05:43:02.095,B,6.506917616979338,6.746439217176293,18.575840420603726,18.54812635751018,12927.607332344345,191.12497517139695,3.478083126724731e6,19696.97180370323,0.0,0.0,0.44130434654416384,0.028703843586570497,Inf,82107.26254657819,720.6569168089035,5,5
2020-04-18T11:22:37.689,2020-04-18T11:22:46.217,A,6.159743720542838,5.921896771137818,19.152268410852876,19.145376208090806,19152.970225805017,233.11498000940145,1.0333294601331041e6,7869.041163273299,7862.971656584488,100.27481310837553,0.13858015385397224,0.023708415690114656,0.22346056733633968,17014.511667163846,226.1796509377847,5,5
2020-01-08T09:21:47.505,2020-01-08T09:21:56.217,B,50.76390222473984,52.85568731445512,18.849496747342826,18.76105017412448,4.3517023480233744e7,665160.6043683747,3.4275452551961765e7,523292.4180538164,4.359192021264139e7,666081.18355406,0.007977037220943463,0.008844185891152484,0.00797001057285282,2.334186688851766e6,35707.92696307921,5,5
2020-04-25T19:28:54.174,2020-04-25T19:29:02.776,A,6.286595339132856,6.125018598389348,17.875443046707566,17.892219072673385,36666.046131172254,222.38030208803042,8.885240670233503e6,40784.37395176617,22405.521220660004,183.9279042793339,0.1070747837737956,0.008748398963690585,0.13258204597996137,58889.724413836695,439.81537058232703,4,4
2020-06-11T02:21:10.114,2020-06-11T02:21:18.607,B,6.405435375570991,6.225909277582423,18.783768622476146,18.755638199767567,14568.766315653116,197.0663751659191,4.0171846813294794e6,27636.179647925004,20864.044401780455,177.57020545834254,0.21527297775683465,0.017455183094640468,0.21313170134888934,35148.935067406215,346.9720889897616,5,5
2020-04-21T07:58:47.636,2020-04-21T07:58:56.198,A,4.746183096214692,4.6214414166497955,19.78109344741952,19.765828418746494,1530.5105308363513,13.988462533739636,2.6057110160760586e6,10913.831414881803,738.4458893833905,7.536731659044819,0.29040141553699544,0.01475898857110139,0.4082483053207397,7655.785049162387,66.20761178999288,5,5
2020-03-06T05:43:10.511,2020-03-06T05:43:18.936,B,7.321116147999896,7.690367121217712,18.49030318891699,18.460095094055546,42301.058365612764,510.3504463523989,2.2474044141891384e6,14970.80282685284,14182.262350827557,132.2575608696984,0.22886836848740555,0.03492886211405585,0.21921105789400372,52740.078578940054,551.0962711012179,5,5
2020-04-24T15:29:19.954,2020-04-24T15:29:28.550,A,4.925481182614046,4.824469610853139,17.977186379439136,17.98626914596831,7471.546373690028,20.799906497697833,4.682114914957018e6,9652.51796464257,3570.9662640405313,9.271328823378582,1.2149265999694063,0.013054362872613435,1.9677621816428668,57154.91136510015,261.40055576028817,5,5
2020-04-22T07:22:26.130,2020-04-22T07:22:34.696,A,3.971569987262044,3.8851179871457755,19.752993392790398,19.738387349498932,4358.432030113279,36.237076967267264,1.4108815932320815e6,8022.55380004831,2333.8779625361653,33.44809282927872,0.18311830611872917,0.01971958723899833,0.4146074137211372,15677.811732606086,162.2760428920203,5,5
2020-04-19T15:24:05.881,2020-04-19T15:24:14.436,A,6.759679324375075,6.573964713114928,18.07108104425137,18.082690925591468,99940.52535772741,668.8781286577266,1.7984211089746635e6,10732.579034208115,32172.243587506808,261.19394190126724,0.06990371124760102,0.018095581346606923,0.12069042316240632,38029.91004619099,372.08818433324427,5,5
2020-01-08T09:21:56.353,2020-01-08T09:22:05.055,B,53.91829237630951,56.06902216285464,18.716079628758163,18.624847322081706,4.3438984092105106e7,664344.6855781924,3.446700179650638e7,526774.0072521282,4.27152645759343e7,652815.1216149122,0.007984204780448634,0.008819132185541426,0.00804891635746979,2.3009137677587043e6,35226.15621869305,5,5
2020-04-23T19:08:24.451,2020-04-23T19:08:33.038,A,7.024438404343019,6.826759760260875,17.77461014753321,17.795196359306203,302249.1435876654,1150.177063660406,8.851369527109904e6,31821.13156528328,24852.828308529155,146.71611391757648,0.04424980921704352,0.008406611363480341,0.2824686899027732,138452.78420111394,763.2152622168746,5,5
2020-04-18T11:22:46.264,2020-04-18T11:22:54.770,A,5.810743489656009,5.599383582292975,19.14198310577699,19.13531155633479,10958.967223781088,148.62146727215972,780959.0884417654,5305.394390722063,0.0,0.0,0.19284214729229518,0.029552868433225535,Inf,6062.570684295171,91.13209124806212,5,5
2020-06-11T02:21:18.629,2020-06-11T02:21:27.107,B,6.136351636022909,5.974990150370793,18.741605174251617,18.714404305373314,11941.735391069336,158.86585138830003,3.738445886360759e6,26276.828175730294,15029.313029633224,197.78277127312558,0.23711257348689704,0.01786384622211646,0.21123423210667197,36367.13291926836,355.5649392623849,5,5
2020-04-25T19:29:02.850,2020-04-25T19:29:11.468,A,6.051690189041057,5.904352677443213,17.900136343450185,17.916052858637904,21836.80977141047,137.4461653940771,9.708651566330131e6,38918.6538804194,32524.632681675612,230.80197384205454,0.12915635013354704,0.008733942221807053,0.12045474897176914,72353.07133348023,492.954308868685,4,4
2020-01-08T09:22:05.193,2020-01-08T09:22:13.905,B,57.168756042137375,NaN,18.578027679312925,18.483731812994215,4.3804624015329234e7,669727.957479819,3.448459875538403e7,527653.3376484904,4.4299253428807475e7,678177.2370794837,0.007952578131360376,0.008822026219035205,0.00790916730829747,2.3340806131194453e6,35704.52502805453,5,5
2020-04-21T07:58:56.258,2020-04-21T07:59:04.811,A,4.561406214258496,4.445118429211863,19.75830377505027,19.743422967822017,985.0874273841611,10.054006518272871,2.467550064682606e6,10102.93597243302,988.6188532638125,10.090048777280563,0.35355916422293443,0.014706762854744084,0.3535542546511547,1044.7098818618172,9.001095735179254,5,5
2020-03-06T05:43:18.921,2020-03-06T05:43:27.342,B,7.874367650718911,8.528975274951094,18.445042173811924,18.413753953268525,33710.10533828789,328.3758673696531,2.5095912903473075e6,17432.578986188728,2379.6979812152103,24.287692092673858,0.1377123236936712,0.032265476833663376,0.5,76036.63444231203,759.4215272106838,5,5
2020-04-22T07:22:34.774,2020-04-22T07:22:43.330,A,3.843846977638156,3.7622317857448855,19.731194345599093,19.716934232900623,4940.269011977216,41.861574279825376,943152.1538610284,7178.407670130141,861.4824698192551,8.792469045522127,0.1675609116995945,0.022526004526528587,0.3779644668102265,20005.915578746317,223.9967873472309,5,5
2020-04-19T15:24:15.909,2020-04-19T15:24:28.730,A,6.443841613061959,6.15434606195707,18.091058744798133,18.11007916254634,37736.57188447411,241.9048944280653,1.842825677210146e6,9033.002684957728,9584.899222689568,89.66464794386971,0.104039890335556,0.024829027327644703,0.20563399146920985,11919.607268612608,131.70582303856622,5,5
2020-06-11T02:21:27.129,2020-06-11T02:21:35.607,B,5.897105418412702,5.74885869303142,18.7009356244842,18.674531940701375,79511.48890996062,1111.6875789724681,3.740298806417126e6,27423.64613681317,19171.487619135532,171.38252343150776,0.0945053969074183,0.017473040554785175,0.21463870939108343,37663.84534964947,372.9635753140723,5,5
2020-04-24T18:31:56.477,2020-04-24T18:32:05.077,A,7.687328347454243,7.453476854548543,17.585280734751024,17.608824482448703,1895.7446228547778,13.659248408292022,3.7297496595044313e6,12921.79646126926,1763.872427108624,5.779305210836127,2.010414780573418,0.012917140770872972,2.8455227554835423,44764.18064430898,278.43937406516295,5,5
2020-04-18T11:22:54.812,2020-04-18T11:23:03.336,A,5.503020577139181,5.312180714156558,19.132049992720777,19.125544031180837,2901.273155114834,41.711526489751066,461423.7448559985,2448.869615362542,0.0,0.0,0.373407916376988,0.04330823428381899,Inf,762.9848122017604,12.063851533807526,5,5
2020-01-08T09:22:14.043,2020-01-08T09:22:22.755,B,NaN,NaN,18.43514006290214,18.33795656271798,4.3021636527684964e7,658123.4897160679,3.4731021811996445e7,531490.1541312508,4.3872328752517894e7,671025.5382412722,0.008018905539942979,0.008786476787708481,0.007946514538766254,2.287315288333357e6,35005.21486903884,5,5
2020-04-23T19:08:33.113,2020-04-23T19:08:41.700,A,6.737105546056792,6.5577660631927195,17.804922261304252,17.824377434161455,288601.6916143867,1113.8479608903065,1.0084519355209231e7,35219.43908043243,197449.9864755054,799.5419685260384,0.043558757606594986,0.008020448164357562,0.04994336918413056,145378.61231443722,781.448432857047,5,5
2020-03-06T05:43:27.334,2020-03-06T05:43:35.758,B,8.890230536148035,11.043094575584975,18.397981454227427,18.36565131104349,7116.132199996741,72.62872905341214,1.3040661290636065e6,9905.358363324656,0.0,0.0,0.2886757845416144,0.04284519114132901,Inf,23765.79253057818,237.78333809562162,5,5
2020-04-21T07:59:39.331,2020-04-21T07:59:47.898,A,3.812361827606083,3.7309295996278515,19.652898943869506,19.639872084792295,987.4626054298667,10.078248308315821,911237.7773730207,6598.178173761346,0.0,0.0,0.3535549729836381,0.021062423075304038,Inf,2022.5185072151248,28.466180104874503,5,5
2020-04-25T19:29:11.559,2020-04-25T19:29:20.180,A,5.83491963390135,5.70328870688341,17.923787606689174,17.93887952569476,27594.956427846795,132.64155514643113,9.823529726886835e6,34630.03493790677,31335.785351005117,144.17850080784862,0.0943669851157863,0.008976466569943213,0.09080837252169527,80141.82991075098,513.8699452924644,4,4
2020-04-18T11:25:11.858,2020-04-18T11:25:20.389,A,2.940858492996639,2.881533148977189,19.00675588253492,19.002592795995724,1111.045766304251,11.33956282419631,400244.88763223,4578.039155369005,0.0,0.0,0.3333339544366974,0.03073959038943301,Inf,4113.810415443522,57.20352581269659,5,5
2020-06-11T02:21:35.632,2020-06-11T02:21:44.101,B,5.678471505293315,5.540890066648913,18.661581051797864,18.635984718117772,19849.197394210056,186.22665656887196,2.788732990980913e6,21593.268104194904,0.0,0.0,0.20178400694275006,0.019672650648358058,Inf,22797.101853668595,263.6903640985922,5,5
2020-04-22T07:22:43.396,2020-04-22T07:22:51.967,A,3.7234252351508568,3.64577168238122,19.709972743206944,19.69604250722852,18410.49483356916,217.07714801042027,806838.361479038,7669.803081596234,2703.465917888432,27.59213368888227,0.13902591524750849,0.022599934932597533,0.21320355300922963,25659.46449053431,314.6335600531183,5,5
2020-01-08T09:22:22.893,2020-01-08T09:22:31.605,B,NaN,NaN,18.287701070082957,18.187124524270263,4.339977438083106e7,664211.4165614955,3.495870389227755e7,535013.179573353,4.3524036385197215e7,664754.3872061708,0.007986738809982026,0.008755625844670795,0.0079778229814001,2.35620182719392e6,36101.78951283168,5,5
2020-04-21T11:05:39.265,2020-04-21T11:05:47.824,A,16.505864104326136,15.176016237842475,19.15326281335951,19.144102768529343,5045.236504668413,66.30987134090127,131945.61156431068,1334.7162233610836,0.0,0.0,0.2802395849676563,0.05473819458261864,Inf,3259.4825382516665,48.000395403202404,5,5
2020-04-19T15:24:28.781,2020-04-19T15:24:37.332,A,6.074395083129654,5.925297146708158,18.11541593627663,18.125741017135432,7745.353272072538,56.18167881799721,924196.061438078,3749.03848186952,2899.0539367481115,9.637859762678525,0.14494412949251456,0.02721112652488557,0.3538348832340648,5765.204545416299,65.35519118487174,5,5
2020-03-06T08:51:17.331,2020-03-06T08:51:25.770,B,6.038923262770675,6.277922309132499,18.75686146636687,18.733895632789107,2954.3620660139068,30.152833750041324,2.3796508647195757e6,13301.152359300202,0.0,0.0,0.4472135901451112,0.03354918918615853,Inf,29780.26914877524,263.27167551197226,5,5
2020-06-11T02:21:44.132,2020-06-11T02:22:18.113,B,5.476466046248124,4.847643292604456,18.62350895818707,18.494142869945776,8577.591592363955,135.6236587194433,6.609942340209846e6,57744.01036220805,12251.203881388932,139.88230438672204,0.5,0.029912038062629064,0.3472545686284359,13762.221500945387,157.71079999645954,5,5
2020-04-24T18:32:05.167,2020-04-24T18:32:13.767,A,7.344398070961119,7.131070377325884,17.6201972415335,17.642666830619028,11945.663082632225,49.62135082006786,4.532529303690075e6,14429.017489079237,3973.2778098299127,31.213301218096255,0.5480603503646635,0.011953839959949975,0.8565849137603696,49757.01468805399,294.6998601483315,5,5
2020-06-11T02:22:43.657,2020-06-11T02:22:52.144,B,4.3817774977098525,4.297789807946666,18.388697194911284,18.368736441255443,20705.829502833527,274.299998406538,50015.36521775058,790.8124906336403,0.0,0.0,0.18008644650853958,0.16080543548358928,Inf,356.90522350191463,5.643168198253627,5,5
2020-04-25T19:29:20.264,2020-04-25T19:29:28.868,A,5.638080447659344,5.51593071753793,17.946368535364673,17.960651335185656,41555.51572182602,146.83304273765935,1.0101408392246388e7,30659.94361187149,28752.6862848346,138.96011814555482,0.0900174301002008,0.009380321498973094,0.12857782972546425,79510.94852249714,454.36186820265846,4,4
2020-04-22T07:22:52.030,2020-04-22T07:23:00.611,A,3.608937003980301,3.5366374626093102,19.68922378150501,19.675654451505505,6765.264607517474,74.61424318684864,583284.1934052644,6133.170541842609,4674.245499240051,47.706319333122565,0.20942266089423806,0.025481858130533795,0.1622220539713978,17195.53323671994,223.30615763125917,5,5
2020-01-08T09:22:31.743,2020-01-08T09:22:40.455,B,NaN,NaN,18.135897033204202,18.032141263557715,4.366676818744646e7,667350.5280838804,3.455184094511724e7,528134.1095991048,4.4492795076549396e7,680173.733817556,0.007965535723757048,0.00880706436304217,0.007893523790147176,2.2816584891137187e6,34913.608605484704,5,5
2020-04-23T19:08:41.776,2020-04-23T19:08:50.363,A,6.4730526101409644,6.309879926340835,17.833775294559462,17.85215282360298,358225.77433777705,1340.4924149037029,1.2162912213377291e7,40602.12465137656,302709.25299653556,1114.5904293787767,0.03770706528822939,0.007464407770929809,0.04061473774181023,168148.3226766126,896.1789639718262,5,5
2020-04-18T19:03:52.768,2020-04-18T19:04:01.293,A,8.256701334324053,7.9756564856191305,17.77988910240067,17.804714443660473,891877.4094803362,9356.272043130686,2.5789615314490087e6,23119.592443940477,141399.14025546768,1475.9999043364812,0.02087455581010033,0.012737824421617467,0.051898135355629184,200741.46793579528,2205.3279102863935,5,5
2020-04-21T11:07:14.078,2020-04-21T11:07:22.640,A,4.7580502091859,4.610228182079928,19.025385852265412,19.01894921697998,2178.7317857166286,17.14837706572972,2.2731762728919713e6,14276.78135565317,984.4219514000661,10.047215165387348,0.2674180055165696,0.014254472432138234,0.35355339059327373,10659.656502033318,116.19167180106061,5,5
2020-04-22T07:23:00.668,2020-04-22T07:23:09.230,A,3.501173956719012,3.4333476668103766,19.668948801412505,19.655790484574737,1530.4457758053268,13.987801338378627,339428.3160570206,3659.8119270554084,615.2636943564288,6.27950921515238,0.29040052929885873,0.032926605133437085,0.44721359014511103,7433.056130400793,95.91903160910766,5,5
2020-04-19T15:24:37.362,2020-04-19T15:24:45.905,A,5.852954014091181,5.712171840134155,18.130804307052856,18.140777540383173,11174.76900449362,67.2034647954963,767267.5894456196,2469.109367842524,1479.351285200823,15.09856555639118,0.13293784022166236,0.03085437970990711,0.28867529063197045,3607.6171354043836,44.33149190686202,5,5
2020-03-06T08:51:34.177,2020-03-06T08:51:42.611,B,6.842516743268826,7.167771048610779,18.686576252251324,18.66227638880055,2370.2922562810177,24.191696123201204,2.3858776646903493e6,15059.31540699543,0.0,0.0,0.5,0.033748270217341246,Inf,37363.02360997894,335.39228618720546,5,5
2020-01-08T09:22:40.593,2020-01-08T09:22:49.286,B,NaN,NaN,17.97997193622889,17.87365995237199,4.369831137749633e7,668513.2764800123,3.4319657696939826e7,524887.1980300185,4.435383031584331e7,678788.5058845155,0.007959733544258173,0.00883180372090559,0.007904047117243582,2.3255463663242785e6,35620.624543147074,5,5
2020-04-25T19:29:28.956,2020-04-25T19:29:37.586,A,5.454771494928798,5.340839886212198,17.96780259890818,17.98156783987544,47544.056671260754,137.42856952740334,1.0217229758847099e7,25689.206498614425,28106.033338446836,103.74363460499268,0.09254076826479808,0.009446808866815063,0.1073753505438642,82319.90075773376,408.4943207522489,4,4
2020-04-24T18:32:13.840,2020-04-24T18:32:22.439,A,7.035404557803918,6.843509203358991,17.653328824072958,17.674715637285395,187768.46141558714,623.0829013015579,5.508237136915151e6,16664.46395118014,12144.624973284244,83.33162427119797,0.05814496319859688,0.010694097441975458,0.3086403955150407,76712.64193987226,404.10142829927537,5,5
2020-04-18T19:04:01.345,2020-04-18T19:04:09.873,A,7.843262615760543,7.598183018549809,17.816800746395437,17.840113617038515,1.611452159271639e6,17132.014080995395,3.5732433191657877e6,31853.203622529527,232930.9403600106,2605.9936462099395,0.01566427211954684,0.01091450202831382,0.040689141645622304,296412.2008182324,3298.971261530808,5,5
2020-01-08T09:22:49.430,2020-01-08T09:22:58.142,B,NaN,NaN,17.820223763920875,17.711260694146507,4.2726663183223866e7,652952.8315081049,3.452272196117174e7,527825.4332242389,4.4028604366675965e7,673086.1429671111,0.008044972018878783,0.008806718351848134,0.007933302113485882,2.2563005802396033e6,34522.71534151502,5,5
2020-04-23T19:08:50.438,2020-04-23T19:08:59.025,A,6.229667762783764,6.084427256127222,17.861265038086163,17.87865423902863,465418.1643221592,1582.4862553268306,1.5264283258963756e7,49008.94177268059,334892.80107189267,1295.1354770094354,0.033941929213890304,0.0068163163453421735,0.040627341897770154,238222.77994776372,1192.83779939922,5,5
2020-04-21T11:07:22.703,2020-04-21T11:07:31.261,A,4.543093020808985,4.409777839444754,19.015832994325,19.009617868811183,6791.611821859009,46.21813508752636,2.5736640496728173e6,16640.33016269072,3251.9841288868975,31.557963843478575,0.16050939894231933,0.01296114892984751,0.19674697556815848,20140.413649800706,201.01959997561087,5,5
2020-04-22T08:55:16.541,2020-04-22T08:55:25.110,A,8.050097273503704,7.351216993916901,19.69197165286361,19.67559958074796,5617.808546015284,52.24763863195325,1.4970872106767944e6,9916.193900225062,3199.856217720543,32.65839528112905,0.1543421523406139,0.017447181790047703,0.19611691556716188,19569.92507159987,208.50727851029953,5,5
2020-03-06T08:51:42.608,2020-03-06T08:51:51.033,B,7.403814320158952,7.886804897393676,18.64967432399402,18.62442166440366,2363.842673612898,24.125870301395825,1.968813381109779e6,11966.654613513612,0.0,0.0,0.5,0.03743371574645377,Inf,26973.18254529995,264.1989715299278,5,5
2020-04-21T15:43:07.966,2020-04-21T15:43:16.528,A,9.417990446253121,9.101877110202498,17.75076136229249,17.76922311280425,4115.095146974259,58.85451597296378,60835.708308629284,817.4188689809218,0.0,0.0,0.3119831875153324,0.08017778189836215,Inf,0.0,0.0,5,5
2020-04-19T15:24:45.956,2020-04-19T15:24:54.493,A,5.644015350103597,5.510557255293257,18.145658792074936,18.155299591109102,5871.571608763576,22.057263510709785,587851.5305972141,1404.7600295444254,492.35042049575856,5.025030485364495,0.23580995643948044,0.0357171082934958,0.5,701.41449372807,8.766353130032886,5,5
2020-04-25T19:29:37.668,2020-04-25T19:29:46.256,A,5.285121421372914,5.17903257480242,17.98835169717803,18.001503321921152,41871.94820609229,122.33806153383583,1.0136744225305539e7,22004.879325951264,23098.377909638377,60.951189982232435,0.09860980079211548,0.009886198653216145,0.13749589194622558,81619.36346810957,374.3328977655775,4,4
2020-01-08T09:22:58.280,2020-01-08T09:23:06.992,B,NaN,NaN,17.656655768738588,17.545925802769343,4.341632458370626e7,664533.9487623253,3.4520767262734e7,527391.1552967605,4.318319570481317e7,660109.4235911189,0.007984083723643672,0.008813910442799574,0.008005714129449584,2.289282051223083e6,35067.876174756864,5,5
2020-04-21T15:43:25.203,2020-04-21T15:43:33.784,A,8.518885227642638,8.245664821869337,17.804420373240468,17.821390691275365,6014.701976742085,80.63509308287658,106573.23106718421,1407.3791887035122,985.4367204922139,10.057571503483159,0.24850986287927787,0.06052629956178377,0.353553408272622,1433.0354217929794,22.658284011328654,5,5
2020-04-24T18:32:22.530,2020-04-24T18:32:31.129,A,6.754221508440313,6.578280432042513,17.684926854113407,17.705130423463395,202581.54971880277,633.059488807946,6.405423050381279e6,17967.6944098119,1233.5166234452822,12.58952656782017,0.05477270208771022,0.009991070975041446,2.1377262934836088,84425.08186466791,422.06963226362404,5,5
2020-04-18T19:04:09.920,2020-04-18T19:04:18.430,A,7.47560034387775,7.259879996085738,17.85177413088886,17.873649121089855,638497.4913089388,6944.968109293399,3.046571751649914e6,26893.030252085744,109985.46327572103,1166.5533706604238,0.024786025687854932,0.011876841802504864,0.057174703783652525,168114.3034951005,1892.9241929093876,5,5
2020-04-21T15:43:33.841,2020-04-21T15:43:42.385,A,8.120680605300915,7.870973554283073,17.82944869800772,17.845547859593584,4910.807167220709,59.73663627737707,123776.56000345765,1572.5452379095293,491.91981189689426,5.020635350610024,0.2510169996627413,0.05574211969740778,0.5,1823.24898373065,26.44414702553574,5,5
2020-01-08T09:23:07.130,2020-01-08T09:23:15.842,B,NaN,NaN,17.490248068820147,17.378029550501747,4.247336685704306e7,648697.819612923,3.395319787848e7,518076.7930002903,4.382556923318184e7,669922.0741812609,0.008069346820655347,0.008879678338136252,0.007951334966205044,2.2690371758959997e6,34713.84873665498,5,5
2020-04-23T19:08:59.101,2020-04-23T19:09:07.688,A,6.01179442786331,5.874775215012222,17.887350345058387,17.903972348085425,486915.91109952034,1718.0252887747388,1.5918949654351683e7,48731.105199481346,369404.7499137242,1242.2951376910091,0.032967696140010605,0.006735249784466681,0.0377893373362037,221675.58126150834,1111.1047647835817,5,5
2020-04-22T08:55:25.173,2020-04-22T08:55:33.735,A,7.131090129298148,6.713059755774561,19.66760626895264,19.651711715940177,183390.10671641474,1843.2490706041126,4.407380889997367e6,28553.586039486734,50738.40718220486,509.55363556097507,0.04527853325839488,0.010339785528098501,0.08553982686630097,180347.08111875562,1694.9298690981364,5,5
2020-04-19T18:27:38.847,2020-04-19T18:27:47.403,A,8.292969061001651,8.035365164944778,17.648746195182056,17.674820226467954,107040.89065031659,1009.5776303021929,1.1433347423485024e6,8369.689354205737,22352.20128617067,200.21113903218344,0.0613889778685529,0.019516251281995373,0.1280411348905041,42797.60997655218,428.35711464052497,5,5
2020-03-06T13:31:45.381,2020-03-06T13:31:53.810,B,5.812434902531368,6.031537895234916,19.99672983153594,19.993281870778542,45077.348981594805,397.99988684555495,2.521131217064085e6,9454.801037567642,0.0,0.0,0.2543369708866325,0.039602665731470636,Inf,82147.72027189116,573.2715849925854,5,5
2020-04-21T15:43:42.453,2020-04-21T15:43:51.015,A,7.754291140501224,7.52438321634037,17.85327653014976,17.868581840563156,1230.4194075086775,12.557915560654031,105176.80357922678,1253.8978202704282,0.0,0.0,0.31622777292169013,0.059575587926453094,Inf,365.23590232584564,5.7748878221577025,5,5
2020-04-25T19:29:46.356,2020-04-25T19:29:54.968,A,5.127294162149219,5.0266220615008725,18.008001341554717,18.02071877127435,29324.086292895907,53.7989620980317,9.898568032291457e6,18773.493099831274,23428.572548354256,83.40487138120294,0.14748438293329316,0.01020176720478865,0.18979258595234785,74839.2298277115,297.2252775273163,4,4
2020-01-08T09:23:15.980,2020-01-08T09:23:24.692,B,NaN,NaN,17.32151155294232,17.208103286294502,4.303825083831157e7,657693.3201269073,3.4538516179467015e7,527507.4221608618,4.2883398192270264e7,655354.601820117,0.008020328026997084,0.008814982054419598,0.008033009307395363,2.244243986869757e6,34374.29702688149,5,5
2020-04-21T15:43:59.703,2020-04-21T15:44:08.247,A,7.096271712823382,6.903663225569023,17.897880819137836,17.9116860539357,1238.996872769799,12.645458544776004,214747.6618029346,2174.585611837881,0.0,0.0,0.31622776389122015,0.041694702450150285,Inf,0.0,0.0,5,5
2020-04-24T18:32:31.202,2020-04-24T18:32:39.802,A,6.493901908769768,6.33398269646396,17.714977015283456,17.73409813886945,228071.3010318505,718.5002106906907,7.501856276620893e6,19385.94897947517,166999.84166385117,569.2896984769798,0.05329524658138124,0.009533233768925415,0.0600553979300516,99726.19335118002,485.8890104870357,5,5
2020-04-18T19:04:18.486,2020-04-18T19:04:27.005,A,7.15150540143894,6.952993467093883,17.884649778663317,17.905610453553543,325095.7681980394,3782.3669852519783,2.688608903358802e6,23676.063231357406,71735.35390848664,800.3904428440882,0.03464408675406422,0.012908673663237172,0.0736718801264499,112437.38071914701,1295.0469546148092,5,5
2020-04-19T18:27:47.447,2020-04-19T18:27:55.984,A,7.910437310838405,7.676673768349071,17.687615160149996,17.712410101774562,166973.42673971143,1461.8948875670822,1.3631034807457204e6,9524.204663686694,30541.88912701032,245.11251580364373,0.04859926816534578,0.018193927608160288,0.0928237008026081,61614.19137406288,603.6128828618082,5,5
2020-04-25T19:29:55.059,2020-04-25T19:30:03.676,A,4.978245888384235,4.882716153125982,18.02689367757533,18.03915769042937,27349.322260568308,46.556981916945155,9.544789710955627e6,16259.152418332253,21736.855420760934,43.83435502243309,0.1601957574102209,0.010309831114211474,0.16452503957297315,75927.75987534536,287.6810800158245,4,4
2020-04-22T08:55:33.801,2020-04-22T08:55:42.376,A,6.561997687322473,6.259506130515878,19.64399714793917,19.628549248220683,155711.2728657009,1439.7659543598816,5.171904336843939e6,30769.689495300932,50365.93730006907,465.71792769361184,0.04946861602408724,0.009788914540259559,0.08444491032616654,200834.31475053262,1796.406636338793,5,5
2020-01-08T09:23:24.830,2020-01-08T09:23:33.518,B,NaN,NaN,17.151001139261435,17.037186922100144,4.346849565093691e7,664898.5508460831,3.355948062723728e7,512049.4220799838,4.2853767726579905e7,655032.1826591864,0.007986652422330385,0.008940556865909674,0.008041616614763774,2.2962419408805575e6,35180.88673196654,5,5
2020-03-06T13:31:53.806,2020-03-06T13:32:02.235,B,6.159593097188655,6.415749104800533,19.991508397737405,19.98796082007641,152079.32150004612,765.2498602730166,3.6329464584273375e6,16262.599327043514,27756.734534731397,143.41951812792382,0.14253115640763314,0.033436372693041,0.2382049464952422,149019.93347811722,905.9669518664273,5,5
2020-04-23T19:09:07.763,2020-04-23T19:09:16.350,A,5.80703523047036,5.679996863827362,17.912211197636807,17.92817886084421,565113.8008345256,1841.2278574612671,1.748367911517586e7,50719.70080807425,387464.18162928906,1295.418660464315,0.032730512797508486,0.006527864797621328,0.0373251334815621,260651.3500744564,1237.117934368549,5,5
2020-04-21T15:44:16.950,2020-04-21T15:44:25.503,A,6.537788465746891,6.367756032691073,17.938544645854485,17.951386549104477,10182.025489283325,97.05987586875317,792475.8333681162,5653.448038221726,7979.30893162087,75.19989434528695,0.17968347364838647,0.022971196167262183,0.20734817836508534,8219.540589919372,94.33979377570385,5,5
2020-01-08T09:23:33.668,2020-01-08T09:23:42.380,B,NaN,NaN,16.979540004417878,16.864713260891413,4.403429188331644e7,673826.3539231548,3.400828877938362e7,519376.9594172893,4.252124311720842e7,650349.7807969144,0.007931531576898248,0.008881736791623553,0.008063799266201108,2.312484029558731e6,35439.8430525055,5,5
2020-04-18T19:04:27.061,2020-04-18T19:04:35.576,A,6.856343552615855,6.673624468508314,17.915975399897203,17.93602578658118,161824.62942969194,1820.74375229998,2.402914394918295e6,19844.0832710773,37426.60626438501,428.69741059553394,0.049484456286391636,0.014133559840154757,0.09791256759221051,78742.96235922954,878.2115935606737,5,5
2020-04-25T19:30:03.750,2020-04-25T19:30:12.368,A,4.838651468625562,4.750002973057495,18.045016946449717,18.05680448645462,46923.48398124844,77.19460369745624,8.946895631059675e6,14045.007344596128,33062.819303985896,65.02359702970833,0.12409779116800343,0.010962659833907795,0.13490420074928056,69846.20771609564,261.3401310245061,4,4
2020-04-19T18:27:56.031,2020-04-19T18:28:04.578,A,7.566631481280161,7.351806279134257,17.724449496462597,17.7481665029017,77983.35695571238,609.2954406145752,1.3728713428041828e6,9314.382949288236,30902.533513693917,231.78019343417446,0.06812731886529999,0.018266248502310588,0.09659732364037237,39047.56861099821,384.8321891886891,5,5
2020-04-24T18:32:39.892,2020-04-24T18:32:48.492,A,6.253802054772279,6.11055841793436,17.743685129305963,17.761826010047596,260264.18197417038,786.6812293984225,8.584993523899853e6,20847.023454136073,212431.16566154783,610.4284204958534,0.048652097259583915,0.009124944619691804,0.052396142976755815,109298.8134898114,507.8941300101898,5,5
2020-04-22T08:55:42.453,2020-04-22T08:55:51.010,A,6.135222070426013,5.8977424386902735,19.6210360927784,19.606177213632314,263575.9143699233,2623.254965257292,6.213394781182361e6,36875.039231405404,53164.460340032616,501.60357065148787,0.03862246161893972,0.009061354367466324,0.08122339601287533,236836.28097661532,2192.327803733728,5,5
2020-01-08T09:23:42.518,2020-01-08T09:23:51.230,B,NaN,NaN,16.807275109784847,16.69239030504882,4.359481009755036e7,666383.5132212816,3.378317814450845e7,515376.5154544137,4.322457593007219e7,660303.1898132762,0.007969108525888202,0.008910012064166133,0.008002491146390218,2.3073959375255858e6,35263.65250521687,5,5
2020-04-21T15:44:25.566,2020-04-21T15:44:34.128,A,6.286084224863185,6.126103279676833,17.95765477565181,17.970061117288385,12206.091123207567,103.68967201495705,1.282020172647608e6,7901.767278759085,6302.856166652779,44.97916489429399,0.1590078247027229,0.018660233123892336,0.16079634048894675,12529.825127197815,128.5892804310149,5,5
2020-03-06T13:32:02.231,2020-03-06T13:32:10.660,B,6.57299813270228,6.902655583769995,19.986136075841316,19.982459412435606,274420.54596726224,1443.2707633891214,3.789846006798671e6,19466.550205443615,44052.69981750221,233.76626669081259,0.11111507484719647,0.031551947442210945,0.18560336535302227,189110.66594372664,1214.0077787284772,5,5
2020-04-23T19:09:16.426,2020-04-23T19:09:25.013,A,5.6191432830108194,5.500820179380056,17.93600190239339,17.951350770926496,516727.99120121053,1564.3114397084487,1.739708454042672e7,47500.59304848964,398918.8659334553,1265.1601112273233,0.033281945976445675,0.006619530287322953,0.037623062311122744,267626.55881024105,1178.211767941552,5,5
2020-01-08T09:23:51.368,2020-01-08T09:24:00.080,B,NaN,NaN,16.63506569966383,16.520688937471522,4.271258821215263e7,652909.7792460147,3.297907775508105e7,503373.9609369637,4.124989162051216e7,629782.9304779721,0.008045209016356011,0.009011947514417697,0.008179544295632616,2.2421188410173827e6,34336.32432682087,5,5
2020-04-25T19:30:12.456,2020-04-25T19:30:21.068,A,4.70758638823166,4.623426398390045,18.06247106355866,18.07372427527905,35281.18734406792,58.58080488304526,7.858009351066816e6,11692.039187094413,14513.847441548816,25.694898094423046,0.14295306078500383,0.011722491309231652,0.21325903211050776,58562.44602759116,214.16851034558138,4,4
2020-04-18T19:04:35.618,2020-04-18T19:04:44.144,A,6.587223324003785,6.418797720927026,17.945761650493957,17.965006319700798,77345.67109579337,745.4494420903055,1.9979531531353411e6,14745.005822102128,24363.680690903544,248.62975925754344,0.07602230226385126,0.016187606255900065,0.131061345844435,37472.82030956088,434.2108143045764,5,5
2020-04-19T18:28:04.622,2020-04-19T18:28:13.159,A,7.251443177329132,7.051409587272151,17.759492411088008,17.78211792488635,61356.093733388494,524.4020691642685,1.3565011394464595e6,8677.32807495713,18280.511803261274,165.26796295745999,0.07397748838099565,0.01829488370352803,0.1191838852982024,35015.74454465056,342.0211903955534,5,5
2020-04-21T15:44:34.191,2020-04-21T15:44:42.753,A,6.051777731423108,5.903126634915657,17.976045095779476,17.988013052761655,22208.853524008973,161.18363972327728,1.9272209926084788e6,10665.345712563063,21917.93238992178,188.52368347960737,0.11470079406280587,0.01575952173403185,0.13826602889848671,20374.604168356975,190.18678989482993,5,5
2020-04-24T18:32:48.565,2020-04-24T18:32:57.164,A,6.039317377330339,5.903407753252676,17.770858952186003,17.78828588676449,374206.25456026994,815.6901880305436,9.746546224923773e6,21814.665341935597,260607.09736788413,639.357428631325,0.044636559994355,0.00864165279884879,0.042902869887007,147083.9626524978,573.2892249723468,5,5
2020-03-06T13:32:10.656,2020-03-06T13:32:19.085,B,7.083460361085918,7.550164018838698,19.980605338199418,19.97679107701711,76336.61788441624,997.16619837372,2.593004140861719e6,17169.24256419087,9525.622103048443,65.94952555470333,0.1735811594438351,0.03560408908768007,0.34002343074044566,95553.96179741668,917.8664351241179,5,5
2020-04-22T08:55:51.073,2020-04-22T08:55:59.653,A,5.785762242477115,5.584224281239787,19.59883677761806,19.584431615740918,169852.49536040984,1516.908491949871,6.19922700515117e6,33686.75352638505,32719.204611293666,294.6673243910162,0.04907181430543837,0.009151283294698945,0.10707108263146775,206733.1840519705,1829.4665275497841,5,5
2020-01-08T09:24:00.218,2020-01-08T09:24:08.930,B,NaN,NaN,16.463539685351364,16.350221918380864,4.3113052878840536e7,660117.8212586639,3.22390424800425e7,491564.93833392835,4.1670938623945184e7,637118.2412054846,0.008010128892622008,0.009111913900989383,0.008142236864409833,2.275118599558801e6,34922.66960862829,5,5
2020-04-25T19:30:21.156,2020-04-25T19:30:29.768,A,4.582757145588102,4.505675273643907,18.07925396723264,18.090020932708804,9656.83936692835,18.765379831963447,6.94478142223954e6,9811.640104801412,23352.047963345653,39.11189064289343,0.2500852889297905,0.012595795000715454,0.17415268215818722,43392.71574431719,148.24949105015367,4,4
2020-04-23T19:09:25.088,2020-04-23T19:09:33.675,A,5.444398820562667,5.332649305389007,17.95878480738407,17.973548638193893,590266.8010378116,1915.0161675885042,1.6906987997843493e7,44796.28604200811,467605.88625649014,1375.6553671134188,0.03413997765504786,0.006832545942283107,0.035668668606145496,264561.5386488689,1193.5450708448727,5,5
2020-04-19T18:28:13.210,2020-04-19T18:28:21.747,A,6.960284274908748,6.778065478792616,17.792829223916353,17.814248080691335,16170.92174533792,132.2851428939552,1.3972311313922904e6,8187.6682898413665,7718.426523443056,58.92114391385945,0.1483849997475058,0.01895652680355148,0.14196959539050982,18729.439545135818,186.99440516628758,5,5
2020-04-18T19:04:44.204,2020-04-18T19:04:52.732,A,6.3416801170783845,6.188196752315558,17.974269881426395,17.99270669160171,26837.229203229188,223.26709722226255,1.7364534671059868e6,11039.447357786219,10122.011017622566,83.98101601360003,0.12668015475395691,0.018562488611700772,0.18989571813821726,31600.420017076875,311.41485875713994,5,5
2020-01-08T09:24:09.068,2020-01-08T09:24:17.776,B,NaN,NaN,16.293563034895612,16.181650720292637,4.3045419171732746e7,659019.3270178203,3.2368739905077808e7,493618.0970551754,4.194538559142549e7,640473.8318558669,0.008011353636267033,0.009086910622534314,0.008108638099822657,2.280212361857643e6,34980.12068607457,5,5
2020-04-21T15:44:42.812,2020-04-21T15:44:51.365,A,5.833510776315173,5.694496566806974,17.99373069892935,18.005153174890093,58290.62552393987,327.17529746080896,2.5364921674783994e6,13168.669257725747,36392.06437451556,222.72812232727844,0.07781808311814976,0.013945078550197982,0.09943269815924154,30480.847552460662,266.13305681614247,5,5
2020-03-06T13:32:19.082,2020-03-06T13:32:27.510,B,7.783557391569259,8.431622575819379,19.974883606897638,19.970947139931134,32188.292653889977,419.71399783423453,1.5683641233301794e6,11735.328494941657,2382.4356442312137,24.315634029186366,0.27220208981301486,0.044296197082475265,0.5,23846.73015277498,275.61015027453965,5,5
2020-04-22T08:55:59.710,2020-04-22T08:56:08.290,A,5.483979411130582,5.308463701835456,19.577266496214996,19.563321811140003,139314.08459720988,1286.9327936159084,5.823939740313491e6,32716.816332650105,68021.32099584765,644.4368543092158,0.05278169583713595,0.00955603346870118,0.0732124167750567,169393.30167504982,1516.652736053395,5,5
2020-04-24T18:32:57.255,2020-04-24T18:33:05.839,A,5.8363864045161264,5.710066825627615,17.796913470707235,17.813623145174425,302000.4967294288,731.6530216294237,1.0151102967422307e7,21249.3818132179,258586.32672418474,611.094539759315,0.04352583647538369,0.008642211568037187,0.04384216430201891,114840.97490492905,496.6792205496623,5,5
2020-01-08T09:24:17.899,2020-01-08T09:24:26.617,B,NaN,NaN,16.12606549276645,16.01553846400297,4.2830742369234085e7,654982.9380812073,3.2991365647714082e7,503050.1578177925,4.148124921167086e7,633255.6536365091,0.008041796442301243,0.00901329428881524,0.008168199239372174,2.282573517301373e6,35011.2476485803,5,5
2020-06-11T06:05:15.064,2020-06-11T06:05:23.545,B,7.067029688397975,7.331876102995798,15.21711412711145,15.195213170425783,655462.6213071562,6828.190741733526,9.896047628638303e6,72683.6769070647,143949.22908335517,1620.6805088685837,0.06614782941709416,0.010942203671313324,0.1501843893761331,745424.4394412644,7053.9650172712045,5,5
2020-04-25T19:30:38.556,2020-04-25T19:30:47.168,A,4.356279234543498,4.286970194332663,18.11088644736144,18.12088228952468,16677.783690167358,28.211201182528217,4.537346113542989e6,6073.633501803889,2404.849932337583,4.6204425202633335,0.2041998730597114,0.014872860241443634,0.5,29394.472266154953,64.78327856297469,5,5
2020-03-06T13:32:27.510,2020-03-06T13:32:35.929,B,8.773869352830003,9.550574386937324,19.968964079603733,19.96492269458888,15289.475284958073,215.2404051356913,1.160501613229505e6,9875.691916943557,0.0,0.0,0.39589811491946425,0.0474714410338633,Inf,25161.902653034955,330.11604608128374,5,5
2020-04-19T18:28:21.797,2020-04-19T18:28:30.334,A,6.693232342861898,6.530958171832585,17.824586164479566,17.844827926985005,47601.79223857411,404.10396747454627,1.5225376112136187e6,8670.32132875369,24449.89677931721,236.409726622984,0.09127721255529041,0.018277746994177932,0.12070415458507162,31544.821234868945,320.6172382267809,5,5
2020-04-18T19:04:52.764,2020-04-18T19:05:01.295,A,6.117086083660973,5.974395490141967,18.001408148194194,18.018878448962862,34429.7148110856,340.5218012319106,1.963754424651116e6,12526.655854609598,17730.218445284278,153.22087814191732,0.11035500057197632,0.017901531753338553,0.1604041852810159,27939.39791230411,296.8299226228754,5,5
2020-04-21T15:44:51.432,2020-04-21T15:45:00.003,A,5.627738306670974,5.500170866935762,18.01075894300608,18.021725056075798,41120.35866738577,238.15459523288717,3.042951946479231e6,15054.774185648057,28928.550396741273,151.2432818718915,0.09120429874219463,0.012867833970030058,0.0873158413136925,41846.79784703172,325.587724061651,5,5
2020-04-23T19:09:33.751,2020-04-23T19:09:42.338,A,5.2799321688035965,5.174516149488933,17.980627789850523,17.994783641933978,542694.8937952772,1556.565339008246,1.752873254378781e7,41983.30852731964,400691.3429103796,1207.3469267935443,0.03463093409119258,0.0068071144938354235,0.03945679529352166,256208.84177345195,1104.8497720670612,5,5
2020-01-08T09:24:26.755,2020-01-08T09:24:35.467,B,NaN,NaN,15.960696593528997,15.852126906115094,4.268868342196171e7,653259.3727192192,3.1734494052983664e7,484023.45326466707,4.2358387032076746e7,647645.684369588,0.00804886601308027,0.009179491779147004,0.00807871000469396,2.235491531825007e6,34213.413020611275,5,5
2020-03-06T13:32:35.935,2020-03-06T13:32:44.354,B,9.978788045332703,10.842926477726428,19.962856519783898,19.95869926148772,4121.388149399774,42.06374593718645,1.0329127532167479e6,10144.246695013735,2943.320342085219,30.040139291909504,0.37796446681022644,0.05008007220762061,0.4472135901451111,21942.1399077273,265.8410883292772,5,5
2020-04-25T19:32:22.943,2020-04-25T19:32:31.570,A,3.3872843735500813,3.3466574413156094,18.261270897589313,18.268141474057185,1596.8827847983043,16.298116869505872,592708.2844098592,3041.5141604503287,614.9094716394295,6.2758933481116905,0.2773563599702422,0.03773223218515384,0.44721359014511103,0.0,0.0,5,5
2020-04-22T08:56:08.348,2020-04-22T08:56:16.913,A,5.2218173088923825,5.061849874010134,19.55639544435491,19.54283762441624,21142.686027285923,173.13963044467576,4.1444594839806072e6,20638.06526600985,8532.378712352367,65.12332194365331,0.1309052324679359,0.011495974291580488,0.13532503022535944,56023.73580493952,471.33691194302554,5,5
2020-04-24T18:33:05.933,2020-04-24T18:33:14.527,A,5.649637036025593,5.531847763401807,17.821832964148136,17.837934976716177,326297.0331969104,699.4407116833752,1.082024976434292e7,21175.52734238151,237483.32906607492,562.0816156107282,0.041116873991538586,0.008541956134433837,0.05312630469292361,143743.7449335616,536.0435343606824,5,5
2020-03-06T13:33:09.629,2020-03-06T13:33:18.072,B,15.334892833239254,16.240915510185058,19.936302540176875,19.931435287562582,17710.02839437168,227.3945146013104,243681.94058931747,2768.5283518777073,0.0,0.0,0.3777727128079077,0.0926077160403165,Inf,4670.625399782084,67.09827165543388,5,5
2020-01-08T09:24:35.605,2020-01-08T09:24:44.317,B,NaN,NaN,15.798522872901172,15.692037781503322,4.248125737052176e7,650202.7967607408,3.222623263199088e7,492054.3938502173,4.1088799532425195e7,628132.3848881425,0.008069209384305737,0.0091135742314751,0.008196831690955883,2.224283798152648e6,34051.278365139115,5,5
2020-03-06T13:33:18.069,2020-03-06T13:33:26.497,B,16.69306393338261,17.60464044987269,19.929000418873287,19.923985174864477,2943.056455106231,30.03744648398836,77010.9145137955,951.4282837357121,0.0,0.0,0.44721359014511103,0.16470422782439537,Inf,804.1443336802487,9.892867671652496,5,5
2020-04-19T18:28:30.385,2020-04-19T18:28:38.922,A,6.4506710364888,6.301246480560163,17.85487787773749,17.874038606489446,47300.49819921015,446.7646111278557,1.4257149814676726e6,7596.978833905934,18845.609890234584,184.87863370115844,0.08948272087466504,0.019890647698603072,0.14079825673469223,25281.696705188686,273.22168567116756,5,5
2020-06-11T06:05:23.574,2020-06-11T06:05:32.070,B,7.476595486450729,7.766136132546432,15.183842167834976,15.161092157723695,102009.53299790769,1228.6857656326333,5.996702433488315e6,45180.00306398607,18938.90515665072,259.6701702455757,0.1669659157150706,0.013709403376409872,0.4705950868020835,148428.0959150786,1467.0316647121715,5,5
2020-04-18T19:05:01.330,2020-04-18T19:05:09.870,A,5.906828286559505,5.778841319854871,18.027366401380693,18.0439640241165,10739.279418683469,114.62304757024475,1.8968505956845228e6,11060.948529713627,3515.089376023581,15.962268719425534,0.1923913555657718,0.01906722083103131,0.2775712925010371,15393.805185690007,163.06429240259234,5,5
2020-04-21T15:45:00.062,2020-04-21T15:45:08.615,A,5.4366548429659804,5.316839475704396,18.027186996023207,18.037662225887384,65664.10047205987,411.84307177100135,3.9483221313871644e6,17812.851528453895,58446.14607733857,333.59933180812266,0.07618152403112156,0.011361015885382207,0.07241710235527601,49384.89924598966,368.8119086350599,5,5
2020-04-25T19:32:31.637,2020-04-25T19:32:40.255,A,3.327012053949459,3.28811128110564,18.27148188674881,18.27812476226345,1482.2869999748182,15.128528147125765,585816.846966112,3598.406612288048,1599.732813833206,16.327204813768276,0.28867662830834656,0.03455141030493804,0.27735010090758994,0.0,0.0,5,5
2020-01-08T09:24:44.459,2020-01-08T09:24:53.180,B,NaN,NaN,15.639780113518041,15.535442145699486,4.306732967244528e7,657676.0866322193,3.2318158757079966e7,492844.3682833757,4.223170140096631e7,645898.5528051788,0.008015118328510182,0.00910006490701752,0.00808704239575985,2.249123230611259e6,34413.611190352596,5,5
2020-03-06T22:51:08.388,2020-03-06T22:51:16.816,B,5.397712406568145,5.601479452486123,20.598134820430555,20.604439562086696,6513.350037184757,66.47660844574634,224727.8300500624,2371.82531523749,2365.801736503065,24.145864452871468,0.30151174823998833,0.08871642439380317,0.5,5816.631314158116,70.90800656856517,5,5
2020-04-23T19:09:42.413,2020-04-23T19:09:51,A,5.125623852836878,5.029318084079948,18.00158376442146,18.015077686293676,536028.0079943028,1418.5629368590016,1.7059578118433524e7,37646.475600295315,396984.1530990687,1022.1871580398747,0.03552128854145487,0.006911469798913167,0.038144761687264765,245050.66949175927,983.8065977768138,5,5
2020-04-22T08:56:16.991,2020-04-22T08:56:25.551,A,4.98426671002926,4.8377240964269435,19.536092927023446,19.522884587695348,28713.443712717213,306.1828547335235,3.926243042047941e6,18871.578369715906,8455.775443782508,87.23012193843869,0.11655865684862696,0.01218689375785176,0.1843848702246585,52883.299003034095,477.1565741413335,5,5
2020-04-24T18:33:14.617,2020-04-24T18:33:23.202,A,5.475640879895387,5.3643549846098235,17.84573944661233,17.861215931132655,334280.6179059886,727.2337854446627,1.1611357206469934e7,21395.7483906273,279520.6581949972,606.283354234942,0.04707464144235435,0.008390309167201316,0.04985274614978136,143243.86586748518,527.0309460835242,5,5
2020-03-06T22:51:16.816,2020-03-06T22:51:25.235,B,5.707679649615936,5.93762644086555,20.60764259525294,20.61418019376922,17195.202703368417,162.9546711295576,545168.024459289,5459.504789233377,2382.1268110556102,24.31248205248974,0.19688560505806035,0.06356601227473031,0.5,16601.701995789525,218.87583714363075,5,5
2020-01-08T09:24:53.318,2020-01-08T09:25:02.030,B,NaN,NaN,15.484818888953543,15.383572375461657,4.235880888973222e7,647129.4260106744,3.1746396690057587e7,484044.2622212759,4.15730835640887e7,634758.009395313,0.008079734260124032,0.009172822091972132,0.008151562495240211,2.232970358862447e6,34132.282368581786,5,5
2020-04-25T19:32:40.343,2020-04-25T19:32:48.955,A,3.268779226115553,3.231579705140148,18.281430629612586,18.287861391497277,2461.2702974502454,25.120235394694234,775355.1012265792,4763.06544628867,984.3603885638496,10.046586416389687,0.22360679776147951,0.03040895735218873,0.3535533906766941,0.0,0.0,5,5
2020-04-19T18:28:38.972,2020-04-19T18:28:47.509,A,6.2265472527754016,6.086988180947937,17.88361729743933,17.90196189827615,46553.495027329016,316.75952514880584,1.348085250222094e6,6456.937044106676,7024.124944472511,60.99146538197596,0.09919262171400763,0.02174979464589519,0.14058895251648632,19634.78894708283,203.55368520051826,5,5
2020-04-18T19:05:09.906,2020-04-18T19:05:18.430,A,5.7152053419961435,5.596994940300709,18.052216473409725,18.067953348413727,4947.898428763512,17.55645918880244,1.5399362374955886e6,7469.929913972877,615.7615212380468,6.284589887181457,0.2672778473611798,0.023007171845544277,0.4472135901451112,8143.374867821718,82.70908200337905,5,5
2020-04-21T15:45:08.678,2020-04-21T15:45:17.240,A,5.256837876527064,5.144328796135708,18.04290805167723,18.05307064120484,77436.7218797699,408.8217854934684,4.741122353172283e6,20772.75564203882,52019.61131760947,354.9767433599559,0.0632493097548248,0.010713104251556263,0.09356111774795738,57294.913596900544,415.77108191181003,5,5
2020-06-11T06:05:32.095,2020-06-11T06:05:40.601,B,7.922586953511652,8.245075661575404,15.14938041861465,15.12562078296058,816453.7313742593,8866.682697223914,4.684771731876576e6,36713.11017488891,101045.12608562806,1156.4878488248214,0.045940383511896866,0.015237171080953679,0.14154301932095753,331241.1587312465,3379.2747520861503,5,5
2020-03-06T22:51:25.241,2020-03-06T22:51:33.678,B,6.065206768325314,6.329039679948803,20.617565556724006,20.62438191241974,22472.92276669547,229.36332585113706,749896.8482394582,7557.945888030679,2365.801736503065,24.145864452871468,0.16222145690833104,0.05451235357994801,0.5,22566.228391580193,279.95686825392704,5,5
2020-01-08T09:25:02.168,2020-01-08T09:25:10.880,B,NaN,NaN,15.33418167512055,15.236289443357684,4.337119864871114e7,663298.9498618026,3.2379407231406055e7,493478.13381569774,4.172301389352696e7,637928.2315641867,0.007986614956352136,0.009094147992190492,0.008135471611816315,2.2820070029681697e6,34946.51085740112,5,5
2020-04-22T08:56:25.628,2020-04-22T08:56:34.185,A,4.768357667787478,4.633445568018768,19.516359899749318,19.5034831239041,16916.227088330106,131.09308626672438,4.412490717695077e6,19253.362621117314,11851.113194763708,85.13077908744872,0.09453435857082203,0.011475750010755544,0.11749603408196367,43164.718305057744,342.6919617200076,5,5
2020-04-23T19:09:51.076,2020-04-23T19:09:59.663,A,4.982051327521705,4.890546247469383,18.021711330902782,18.03459080226442,555797.8816469128,1440.6541854035638,1.7424747453724857e7,36334.59514518992,417245.6439911161,1002.9620232712551,0.035156415915166765,0.007037900802410376,0.036538987967377444,263474.48121694603,1040.630082395901,5,5
2020-03-06T22:51:33.675,2020-03-06T22:51:42.103,B,6.485957663362214,6.799681905031745,20.627947334175982,20.63507563911833,43587.49818435706,550.5759127088002,823166.8633329584,8733.885568724152,0.0,0.0,0.22431761930361582,0.05309339483189184,Inf,25267.774951779087,335.6630256722752,5,5
2020-04-25T19:32:49.043,2020-04-25T19:33:17.955,A,3.2129799446524454,3.0586882214125173,18.291076772439624,18.31853410427569,15182.811412035127,163.29397932596208,3.8646469253004473e6,37124.503009885775,54969.45217120057,719.6514050088534,0.1780638043559275,0.024658523257371803,0.1860852476325903,3541.1181094737776,49.57015913999541,6,6
2020-04-24T18:33:23.292,2020-04-24T18:33:31.895,A,5.312072896908154,5.207742927962473,17.86865515325312,17.883500272239885,373694.86991951754,740.5256187623942,1.172395651262812e7,20524.13640396907,295724.37697399856,579.9333667723552,0.040092164075603655,0.008431979358860942,0.0451483490761795,148018.17400228232,534.1528276458694,5,5
2020-04-19T18:28:47.563,2020-04-19T18:28:56.091,A,6.0182042403436995,5.88807379501787,17.911055994389766,17.92866820112473,27395.34009525226,244.97483799225694,1.2067157917676326e6,4621.094570098903,8186.855817263676,69.58826249731949,0.12047023812746831,0.024723573714009725,0.22026971718304356,14655.002728004092,148.2499930522426,5,5
2020-04-18T19:05:18.483,2020-04-18T19:05:27.011,A,5.537782531422543,5.425599167720066,18.075839746818975,18.09101168076352,23235.132342588506,236.3233348137338,1.4159530329579674e6,6054.847189223166,491.5975758390457,5.01734708435579,0.14901066671855848,0.025757688376016948,0.5,10363.716721397206,119.98681811871154,5,5
2020-01-08T09:25:11.018,2020-01-08T09:25:19.730,B,NaN,NaN,15.187950306615313,15.093575930373532,4.284613362030426e7,654736.5081947682,3.2513227413390063e7,495379.9068335688,4.240940216681926e7,648775.086932214,0.008035101606263285,0.009077929680765469,0.008073320841914863,2.237585324250375e6,34234.05545551667,5,5
2020-04-21T15:45:17.303,2020-04-21T15:45:25.862,A,5.08919295783112,4.982041418863111,18.058102814465386,18.067950169161083,76187.54929616362,405.51420791834784,5.103957120087508e6,21302.504493181226,73321.69084760401,390.0358866017722,0.07373010316229665,0.010428164274048078,0.0790184262414203,56060.75838839092,399.1209621074904,5,5
2020-03-06T22:51:42.104,2020-03-06T22:51:50.541,B,6.985949339563301,7.378044098490088,20.638802276610846,20.646359438389965,65068.27415271272,757.5503117494666,1.0126866923530772e6,10309.77402399868,4142.368054668878,42.27786736818857,0.1702520700514406,0.04734125168859914,0.37796446681022644,36765.94668578837,471.7060564970012,5,5
2020-06-11T06:05:40.620,2020-06-11T06:05:49.111,B,8.409420452464957,8.767758978648988,15.11369516550949,15.088967074685671,12202.562829751143,126.81425967010438,2.7282257934657205e6,23148.11982689352,2637.435672836711,41.70152770436385,0.8978062660236436,0.01924020529981854,2.5624199935035,74237.62020927313,827.1016426955835,5,5
2020-01-08T09:25:19.868,2020-01-08T09:25:28.580,B,NaN,NaN,15.04638874225264,14.955555517230403,4.2262667999574415e7,646427.3352933245,3.2642674177727543e7,497545.3897305989,4.1863242887221865e7,640436.9126359224,0.008086489550890528,0.00905899916689677,0.008122000379982465,2.266982423011093e6,34756.308248672765,5,5
2020-04-22T08:56:34.251,2020-04-22T08:56:42.822,A,4.570691225953431,4.4451356525060195,19.49718884932947,19.484594416208857,61660.166514703174,519.2653262540446,4.592610835760832e6,19315.424052842543,14497.918315292285,116.68548540966765,0.07758901492599368,0.011296433155493137,0.10051080023268533,84284.8334745189,704.0095563444145,5,5
2020-03-11T08:58:51.198,2020-03-11T08:58:59.710,B,14.699249503558702,15.67453153866289,18.33977757591177,18.310631622644003,62713.78648572336,806.4225885009399,0.0,0.0,0.0,0.0,0.21743334422375638,Inf,Inf,4685.477603887639,68.64756739976761,5,5
2020-04-23T19:09:59.738,2020-04-23T19:10:08.325,A,4.844801629960976,4.760946961288383,18.041029422839497,18.053363518898564,446960.7533515884,1023.7653083620198,1.4422683808157982e7,27790.980960395646,299501.76803592755,688.3232873964675,0.03663410629498178,0.00777900503678526,0.04141435832005629,212446.58841082,806.480110973727,5,5
2020-04-25T19:33:18.039,2020-04-25T19:33:26.646,A,3.0423637483112547,3.010519087203461,18.321468140635645,18.327229242124695,21344.714293299046,236.04579660587996,2.0470618696330383e6,19169.473681231786,18423.400535128065,212.65232135530246,0.12173172283653425,0.014882004483246173,0.14131844777652416,8561.76800570232,116.18685359833688,6,6
2020-03-11T08:59:01.170,2020-03-11T08:59:13.952,B,16.402879751089216,18.086851060923024,18.28851640662632,18.234944828443226,39115.065853444234,547.1999639296566,0.0,0.0,0.0,0.0,0.38896945791244125,Inf,Inf,753.9670010255074,11.921267391305015,5,5
2020-04-19T18:28:56.147,2020-04-19T18:29:04.684,A,5.825411191162131,5.702764240192314,17.937309259682834,17.954281175371555,22407.76342637731,142.34649138039703,1.064800344896954e6,3194.5283423032283,4681.338591669702,14.957595817780014,0.15901924565486744,0.02903945409110828,0.28869206749946197,6188.877557857286,73.68379005360671,5,5
2020-04-18T19:05:27.058,2020-04-18T19:05:35.582,A,5.370563414395435,5.265287648871345,18.09849868899533,18.11311347153132,29565.173825164355,361.2946853075482,1.0704392741584782e6,4394.175184905109,6623.692794592878,101.28143375511533,0.12110169783471599,0.029770125414507475,0.25222091599886404,8142.281172642403,118.65635486180754,5,5
2020-04-24T18:33:31.980,2020-04-24T18:33:40.579,A,5.158416359740054,5.062533354167945,17.890695367547686,17.904854178297196,326351.3791601233,593.7748748073864,1.1872015924205292e7,19793.31401628245,310960.5624594989,584.0971355000586,0.044787090849199504,0.008555248188151402,0.04510555079781048,150632.8052091296,497.55763992281425,5,5
2020-04-21T15:45:25.910,2020-04-21T15:45:34.478,A,4.930065065190229,4.827801313525465,18.072757537156978,18.082324630681136,99959.06753916164,477.8103060490675,6.073786710249898e6,24235.546560618383,76013.79470070479,405.8993548905923,0.06287480759561845,0.00979476083455741,0.06724435695004533,64276.656952669626,440.955239196785,5,5
2020-01-08T09:25:28.718,2020-01-08T09:25:37.433,B,NaN,NaN,14.910179424133378,14.822258317463243,4.263964230781853e7,652234.7435424571,3.202936563518723e7,487946.21097925154,4.204914158992111e7,643044.0899657252,0.008058195465935516,0.009140126770762948,0.008113756649476387,2.2535309367676917e6,34523.42751664788,5,5
2020-06-11T06:05:49.151,2020-06-11T06:05:57.632,B,8.947716977711668,9.338831455570643,15.076548600477265,15.050930295155258,3302.174859124899,52.21197863553095,1.8762898564269084e6,17988.755837517645,2351.342146282656,23.998286720561254,2.313080219456974,0.02180519959710868,3.120608675465979,64665.22887311914,753.8820564917729,5,5
2020-04-22T08:56:42.889,2020-04-22T08:56:56.497,A,4.387692915380627,4.178732080328177,19.478492897733094,19.455849878353682,39903.92357654036,161.05013824013798,7.786404624473605e6,27098.382461834626,494.75973898288663,5.049620316670357,0.2099062244288273,0.018660287660828022,0.5,20449.46267661139,150.95653823676236,5,5
2020-01-08T09:25:37.586,2020-01-08T09:25:46.292,B,NaN,NaN,14.778497629446255,14.693677543314354,4.2567147928750634e7,651201.6013016221,3.2097817594449222e7,489265.9309932904,4.206299658231552e7,642268.8053348622,0.008054281221076067,0.009128694288151539,0.008097528588003727,2.2529899477956747e6,34480.829131873936,5,5
2020-04-25T19:33:26.749,2020-04-25T19:33:35.355,A,2.9947118702021926,2.9638134015615747,18.330098886667002,18.335733283897344,26800.140146833117,303.82555403808345,2.766201741071335e6,26695.104117399587,27706.657521482506,323.05287546211184,0.11391384971035101,0.012528239477310996,0.10997877967151846,13068.775202223916,169.8196500973885,6,6
2020-04-18T19:05:35.614,2020-04-18T19:05:44.150,A,5.215345918394534,5.116053418189688,18.120208499972637,18.13433441536116,12704.038604619069,135.53340334118897,850636.0705369144,2559.5163903843554,1720.112740671622,27.197378301056204,0.20583376431887698,0.03782736062557372,0.5,2304.934884247544,33.968802989856826,5,5
2020-04-23T19:10:08.401,2020-04-23T19:10:16.988,A,4.7191941874919126,4.639342172113515,18.059518673353946,18.071442219674754,406567.675039223,873.3347453095196,1.3848561855530685e7,25122.089687814605,355520.09765914065,764.8541018941119,0.041950282286622634,0.007992682188602919,0.044150999811413974,194063.28609552863,689.0771372581021,5,5
2020-04-19T18:29:04.738,2020-04-19T18:29:13.284,A,5.64387774642327,5.526957552300892,17.96249203504664,17.978854859369026,9470.633730906768,48.95693269519337,1.0190117448111379e6,2196.432084579309,3497.620029361572,9.221251477115263,0.2944186406030268,0.03167490983058237,0.3535533906006823,768.3360266563529,9.828480515950524,5,5
2020-04-20T04:25:08.270,2020-04-20T04:26:00.216,B,11.72322394048806,7.77396093365392,20.996297653357892,20.709057254558147,5947.140433268056,60.69775453421543,1.6887654542475953e6,11346.717764490584,0.0,0.0,0.3162277638912201,0.14335586363499803,Inf,7570.694161356058,76.66385825091592,5,5
2020-04-21T15:45:34.544,2020-04-21T15:45:43.112,A,4.7795456988791365,4.683281938394196,18.086975418409736,18.09625873421693,101927.7551054689,514.2691996021279,6.802690520220599e6,25725.480142450135,90663.9565927225,444.73523264542104,0.07080019557660511,0.009187930972260573,0.07038747100156971,76527.0685558526,501.06938846176274,5,5
2020-04-24T18:33:40.649,2020-04-24T18:33:49.254,A,5.015347242560799,4.924406709745603,17.91183496476165,17.925379327256163,350564.06710246805,614.3977376431419,1.1943441434036499e7,18631.211994113204,309825.88140572695,529.5067079548285,0.044163985653012945,0.008632569890888975,0.04753908776505054,136219.54578143053,438.86400445942047,5,5
2020-01-08T09:25:46.430,2020-01-08T09:25:55.142,B,NaN,NaN,14.651977721562611,14.570017674560242,4.33622026041741e7,662138.6492599037,3.2184622054360934e7,490595.5585425141,4.1895146339071624e7,640635.8595577015,0.007991898379739857,0.009116380324992714,0.008119586018046344,2.259875956284078e6,34531.0185797252,5,5
2020-04-20T07:36:03.286,2020-04-20T07:36:23.454,B,11.863468452966545,9.473047098204413,20.201993912650224,20.13430817160432,79681.37321167435,1048.8661359713135,62909.71911861473,880.5775693724624,0.0,0.0,0.16490640094730916,0.18457732736147078,Inf,5870.32791299443,87.04270427566917,5,5
2020-04-19T21:37:32.649,2020-04-19T21:37:41.205,A,3.113100998517646,3.0712710831718835,18.804798471183908,18.807377867672535,1784.2913128291486,16.56958443307246,380621.58679971093,4748.309495387897,0.0,0.0,0.26867871149481865,0.031589691923393316,Inf,2603.193826109493,37.44384775010603,5,5
2020-04-22T10:29:16.834,2020-04-22T10:29:25.400,A,9.85877840699052,8.106398885759454,19.260806900244248,19.24976813306745,5982.49205352764,68.69270769144262,1.7351147211167163e6,14237.17794673928,2589.7187251439077,26.43120597515589,0.22412904029408573,0.015628649990325545,0.2182183207346944,28085.206074341128,340.4601490492137,5,5
2020-06-11T06:05:57.662,2020-06-11T06:06:06.157,B,9.537856085102245,9.96547702884195,15.038004795744305,15.011466244588252,117834.7155413699,1460.4961908978776,2.3656289115696372e6,24432.888836805847,29527.357732959204,430.6178240506953,0.17085489200165335,0.018975430605244162,0.28597621815369184,147604.3547321177,1806.5790443154847,5,5
2020-04-18T19:05:44.204,2020-04-18T19:05:52.718,A,5.068345317144991,4.973428502016986,18.141154562385807,18.154723466201073,7315.426720026323,11.308625005785377,602101.6311860817,1032.9509731653648,0.0,0.0,0.333337408101693,0.05041246408198085,Inf,0.0,0.0,5,5
2020-01-08T09:25:55.280,2020-01-08T09:26:03.992,B,NaN,NaN,14.530140517906474,14.451102127589962,4.3686587809651695e7,668206.14142947,3.2324149347362228e7,493340.37224017596,4.180003783324884e7,638522.7509291652,0.007964005532587304,0.009098212815668909,0.008132695609578992,2.301001586033991e6,35162.60236429558,5,5
2020-04-19T21:37:41.249,2020-04-19T21:37:49.786,A,3.050893420978519,3.0111305750183535,18.80864143182738,18.81112543963856,1722.9028241447709,17.584303186209667,588913.7543615542,7213.676069127743,1353.8607307185787,13.817783535626011,0.2672612514000083,0.025514140348430338,0.3015113417015517,4300.582701063659,62.32071662033762,5,5
2020-04-20T07:36:23.524,2020-04-20T07:36:32.114,B,9.117556111254851,8.404847255392752,20.12363284779833,20.102230342263624,1.8703989219273268e6,21258.43901053216,2.0185993890969343e6,23593.463462431722,41517.82309212103,457.95386158622046,0.035273039753157306,0.03368760347736195,0.20550413313527932,182127.19667885444,2360.1241900464406,5,5
2020-04-23T19:10:17.063,2020-04-23T19:10:25.650,A,4.600119662446325,4.52352080027478,18.07732933513946,18.088861783617737,373471.18775809655,802.5669993559384,1.3172234065359905e7,22529.913413146533,277297.0471154615,565.3896370720354,0.04425704951474236,0.008265482447532837,0.04579121150297183,183012.3279710517,632.6417107209934,5,5
2020-04-21T15:45:43.160,2020-04-21T15:45:51.728,A,4.637687333561296,4.545924205792704,18.100706358992397,18.109657592631415,126173.59031279819,529.0892400738451,7.692075775486754e6,28379.095028679607,105230.78342454435,472.161133208159,0.053831884460105804,0.008742659174773603,0.057715487414161486,92697.05500127423,593.2038701450211,5,5
2020-04-19T21:37:49.837,2020-04-19T21:37:58.374,A,2.9912456793006323,2.9529104485279105,18.81236766048806,18.814771929793128,2584.2444098564083,26.375334728197434,805884.6729344458,9723.491564874355,2091.734564519197,21.34867732266639,0.21821789440577458,0.02191711617739698,0.2425356302885292,6158.178994908894,87.06257244597276,5,5
2020-04-24T18:33:49.321,2020-04-24T18:33:57.927,A,4.879211164436618,4.794939799623472,17.932110592511076,17.945140236183423,365178.68565691006,602.5943732864622,1.1176148367554987e7,16682.801247099902,263741.6928516697,470.204369275868,0.044786917479091866,0.009027476331337035,0.05044218058689992,141240.54102539076,432.8100815821615,5,5
2020-04-22T10:29:25.478,2020-04-22T10:29:34.052,A,7.794183063735933,7.226542893124935,19.244346924540007,19.233628255342083,15368.559941437015,141.20858599436465,2.0442031284117287e6,14515.223975842291,1766.3057975205575,16.404892373714873,0.12623893473965853,0.014878038075687449,0.26870113189811595,32302.194073248073,361.94701818533076,5,5
2020-01-08T09:26:04.134,2020-01-08T09:26:12.855,B,NaN,NaN,14.41296313455046,14.336697665869599,4.302140077158033e7,657877.4420079507,3.2318955010205053e7,493167.96193012234,4.16471674901274e7,636935.5355424059,0.008017616574076248,0.009096954982899221,0.008141925110961372,2.297384803975079e6,35160.411546673284,5,5
2020-04-18T19:08:44.170,2020-04-18T19:08:52.698,A,3.25150070392401,3.216344314436151,18.44621284115632,18.45314682067292,1114.6139152679518,11.375980246477203,654811.0262839014,2476.7621367688357,0.0,0.0,0.3333333432674408,0.04072211646433043,Inf,1257.2012421107297,17.276484168709356,5,5
2020-04-20T07:36:40.861,2020-04-20T07:36:49.466,B,7.305059693519201,6.909921207635245,20.06098541442805,20.04104371992656,182483.4857914771,239.49689878886582,901105.3766566177,2130.4423764163494,0.0,0.0,0.19626601351944253,0.06264239974024269,Inf,20425.698965545165,44.79552634728668,5,5
2020-06-11T06:06:06.183,2020-06-11T06:06:14.688,B,10.189370473677133,10.661135724230245,14.997971738241901,14.970486973476744,609100.0609914893,7741.822138270198,2.6039690596529613e6,29356.201308371805,31326.33847232393,475.3777854753274,0.05147630534874303,0.017527514896723575,0.3345564896373371,211691.86896130344,2685.337964852189,5,5
2020-04-19T21:37:58.424,2020-04-19T21:38:06.976,A,2.9337670963916267,2.896839924474232,18.815972686261365,18.81832432359911,6023.960924014604,71.92931921578233,933726.6444844004,10860.539355048495,2920.8086656947976,39.33126505375786,0.23218429364531154,0.020111238790604002,0.35584718427725376,9223.920230768326,124.60391998095334,5,5
2020-01-08T09:26:12.993,2020-01-08T09:26:21.705,B,NaN,NaN,14.300354820733158,14.227669130460278,4.281311178819387e7,654540.3899649822,3.2344185232108872e7,493213.03908831795,4.214081883429131e7,643953.6468870416,0.008036461774526452,0.009091253519973455,0.008099093000661556,2.3064225169150755e6,35359.294765747174,5,5
2020-04-20T07:36:49.536,2020-04-20T07:36:58.127,B,6.713341004576802,6.413019976640133,20.03112278715368,20.011868102745375,56809.66196764206,75.44504325415456,228653.5860947664,761.5042890091855,6591.379434248785,35.958909427086205,0.3535533845424652,0.10289508124451015,0.5,11113.278229972697,19.18070402916909,5,5
2020-04-19T21:38:07.007,2020-04-19T21:38:15.549,A,2.8788249589867303,2.843398779202268,18.81947847244833,18.82176927892506,8982.77389925518,121.41821602661244,1.062386066664748e6,12021.092490651314,6754.873897651195,93.83822065837603,0.20886856496821674,0.018900431910941994,0.2457713765507805,10629.359554374289,142.12368137175048,5,5
2020-04-18T19:08:52.745,2020-04-18T19:09:01.251,A,3.1992966621678613,3.1653888555646854,18.45651765312879,18.4632229677917,2175.3503094515304,19.74951711815526,728718.5543856998,3363.2121401277664,738.412286962722,7.536389283077989,0.24403038991257348,0.03533172016205456,0.40824830532073975,1964.7475333908542,28.060280211783958,5,5
2020-04-21T15:45:51.791,2020-04-21T15:46:00.353,A,4.502096331584775,4.416868674373715,18.114026239953997,18.122639695732182,117638.56294655164,671.3385425916699,7.847794044847622e6,30068.776602153997,105868.04162089968,491.95531948641457,0.06362990361381124,0.008761151395439428,0.05624062295816477,98440.73618623592,649.1142020503412,5,5
2020-04-22T10:29:34.109,2020-04-22T10:29:42.671,A,7.043495516599494,6.6766351418970595,19.228454633163,19.218085749395236,18537.519762886976,207.90647889452998,2.539564528123761e6,16055.772552509221,4434.014678584109,45.25447301451756,0.1468551919915669,0.01336279370963634,0.16666670122683377,39811.628816099364,404.13298971987365,5,5
2020-04-23T19:10:25.726,2020-04-23T19:10:34.313,A,4.486177212799821,4.413004332954612,18.09450282097183,18.105662576954693,332193.6421812531,643.1973664289393,1.1002931812401168e7,18132.771138321656,265562.22763238393,514.1844789925105,0.04916389158396079,0.00919923296170899,0.053794419489706,147935.1461736646,491.2154288273358,5,5
2020-04-24T18:33:58.017,2020-04-24T18:34:06.617,A,4.75317585743099,4.672267673881225,17.951631924042175,17.964220580635455,306448.9838436291,493.3307255188322,1.0523429726102578e7,15327.342168440147,278536.5070502225,465.76934863645766,0.04943877155226198,0.009414211644902231,0.05056969327714162,132414.4201456266,397.3033232874052,5,5
2020-01-08T09:26:21.843,2020-01-08T09:26:30.552,B,NaN,NaN,14.192381706349867,14.12310997858703,4.287711451766397e7,655596.5846208628,3.3025725273645222e7,503494.3616907819,4.164004242929418e7,635759.844315335,0.00804218452703975,0.009013822329458068,0.008159355559705194,2.2799471167984353e6,34838.14246463688,5,5
2020-04-19T21:38:15.599,2020-04-19T21:38:24.155,A,2.8261862869943544,2.7919652868637295,18.822894172900934,18.82513534933844,7989.959963589115,93.12058783513773,1.2135922744534463e6,13312.46961603525,4068.6880357026935,47.08516914588703,0.20868797220370816,0.017652603726102487,0.3056760260997958,12397.651234860652,162.7487067834945,5,5
2020-06-11T06:06:14.708,2020-06-11T06:06:23.195,B,10.918728836523389,11.443232387698929,14.956394638392068,14.928064596330438,1.860357264096633e6,23511.41925330954,2.8305689643936288e6,32935.35868932728,43754.80328663965,619.2268069872714,0.025811407073120195,0.016557929229107447,0.2553477069371824,312281.58064376743,4028.0020803675297,5,5
2020-04-18T19:09:18.439,2020-04-18T19:09:26.973,A,3.052032644602031,3.0212593025835486,18.48588343584975,18.4921188826187,1784.8813091407412,16.574317212148,1.0172867784452853e6,5190.473807775837,1357.9319305836643,13.85933530321554,0.26867159667904955,0.028399476490022606,0.30151216285343857,4601.899901417712,63.58594045679531,5,5
2020-01-08T09:26:30.711,2020-01-08T09:26:39.417,B,NaN,NaN,14.088602040161257,14.022617049139251,4.2722931199773744e7,653097.8306995437,3.2182367052583642e7,490539.6744577683,4.127340660639667e7,630185.4483851095,0.008041064083629177,0.009110755058411956,0.008172453397849146,2.2818088592633572e6,34952.3701397092,5,5
2020-04-20T23:06:20.720,2020-04-20T23:06:29.314,B,11.982727145852964,10.735164476767293,19.298282915031866,19.29080510653057,1.2979113628031039e6,12841.61163631371,8.571851354218569e6,64419.69998914992,259347.79588558624,2519.6909120798855,0.04117610761480659,0.016470430248118346,0.08978737741102721,408940.1044662167,4230.501753412765,5,5
2020-04-19T21:38:24.199,2020-04-19T21:38:32.718,A,2.775478460531673,2.7425336713590367,18.82622285511391,18.828395962768194,12118.511794547017,146.81016387315972,1.5123676996219917e6,16495.87887091295,12159.261811206348,158.58460086972863,0.17108913023737357,0.015979237492592512,0.1740843693077627,14112.87592333941,182.27589058144324,5,5
2020-04-22T10:29:42.738,2020-04-22T10:29:51.312,A,6.532641081503233,6.2485437438468034,19.213080742288223,19.203083011396114,27466.428465614154,240.1323673575521,3.520748845247675e6,20818.94325465771,16533.711700518797,134.852861704056,0.0911801592035737,0.011785123450473502,0.13084141350448872,66545.29614676532,650.8902038786407,5,5
2020-04-21T15:46:00.416,2020-04-21T15:46:08.960,A,4.37453373475958,4.293415645677515,18.12692410788639,18.135203114725208,132949.93521809857,667.2763267002573,6.959488388565538e6,27645.528108541104,104045.9721612643,528.3311490323758,0.060486206316947275,0.009125588957876433,0.060049412301602705,72029.34222309443,496.55791556045773,5,5
2020-04-23T19:10:34.388,2020-04-23T19:10:42.975,A,4.378561377157638,4.309738394548357,18.11107015199642,18.121874941906494,267831.5862321457,472.34850996033344,9.268201545616213e6,14990.278114893299,160871.28570681904,307.77632505600894,0.05032037987418012,0.00999019290503721,0.061965117199342126,120985.55998790241,397.123615891497,5,5
2020-01-08T09:26:39.555,2020-01-08T09:26:48.267,B,NaN,NaN,13.989590967782801,13.92642444472789,4.273573234782196e7,653412.3013416475,3.2018479037660815e7,487693.83843462006,4.218508421723328e7,644205.7843904434,0.008044471370551668,0.00914654908998952,0.008095302273255493,2.2697634522098685e6,34752.75369387435,5,5
2020-04-24T18:34:06.690,2020-04-24T18:34:15.289,A,4.632560088647751,4.555697021482039,17.970402096470952,17.982583324574627,275146.7406439722,437.79786267608284,9.242742563480971e6,12891.959076590358,202083.7376458971,332.6293185844683,0.05247603640390727,0.010188786198154377,0.07063327627047969,113145.25817725701,326.4196313953328,5,5
2020-04-19T21:38:32.774,2020-04-19T21:38:41.331,A,2.726439428084167,2.6942317866445165,18.829455790827144,18.83157658388244,6180.923322980435,58.98823016554461,1.6412950892294543e6,17707.132025403273,5845.659353657267,58.02742412853574,0.1434416698540999,0.015408189382434519,0.14613886431136563,17525.034411776844,214.85923414663236,5,5
2020-06-11T06:06:23.224,2020-06-11T06:06:36.692,B,11.76333601710766,13.147454993372815,14.913255170210963,14.856725061747374,473894.1305046789,6697.093986504395,2.7651380075096614e6,34356.86813214656,11953.04396919893,188.99424213968427,0.10580562542023876,0.0320195054851263,1.2083253931369262,91243.62807360225,1205.7056731456441,5,5
2020-04-18T19:09:35.595,2020-04-18T19:09:44.105,A,2.9614866107359026,2.932496809317909,18.50432159697333,18.51028258647057,3326.847051183204,43.63491546699207,1.2165295385528507e6,8627.314801492334,1233.8417319628363,12.592844296910457,0.329666170574949,0.022351860050069346,0.3162284636823095,7502.553971644292,101.89793716908818,5,5
2020-04-20T23:06:29.408,2020-04-20T23:06:38.002,B,10.108146642737033,8.873587778420797,19.28704680291508,19.279990431910033,2.6561357937174356e6,23606.508871563397,1.144765871364238e7,83154.56688834907,395247.4778300588,3644.6835185571367,0.02916585783928962,0.014451112569615288,0.07309643146719268,696798.4038649192,6872.954267294932,5,5
2020-01-08T09:26:48.409,2020-01-08T09:26:57.130,B,NaN,NaN,13.894916218275288,13.83407141159838,4.271381537217668e7,653562.8628502493,3.1676373472494077e7,482851.0176928062,4.162836935423269e7,635773.4210108859,0.00804317030766235,0.009187806425638713,0.008143177522222206,2.277859305478975e6,34868.44879049325,5,5
2020-04-22T10:29:51.390,2020-04-22T10:29:59.950,A,6.117742090309366,5.882679277306473,19.198157609353117,19.188552535962003,36325.494504462135,320.6532695959545,3.8440785066513396e6,21704.675247999454,20524.04388665348,198.88566886885718,0.08789858281262018,0.011433787144189892,0.12545210754960412,72481.59261809658,665.9600665118528,5,5
2020-04-19T21:38:41.378,2020-04-19T21:38:49.911,A,2.6786703271280023,2.64853472492663,18.832616697626307,18.834665113768622,15123.892839061638,175.86339908101502,1.9005799745202216e6,20208.087312504824,10488.082754940704,121.39944004810818,0.15103122936838,0.014332006630165954,0.17470129963173223,18664.38383841631,231.2758860192264,5,5
2020-04-21T15:46:09.028,2020-04-21T15:46:17.590,A,4.252658476006137,4.17604076873529,18.139362839026635,18.14742688148911,99761.8965376987,499.79135076532214,5.9175579084224515e6,25564.038720604316,86266.49556982909,433.5561505709603,0.06341761654440126,0.009874752601979802,0.059257689713484406,70138.60400278075,492.253774366559,5,5
2020-04-18T22:13:57.450,2020-04-18T22:14:05.974,A,3.032327250804233,2.9902133726108175,18.96142413857539,18.96231720865322,3708.1672263860537,52.38530484276441,874283.1257280009,10606.710604520085,3072.0886212690903,45.83018931240801,0.3277067330610289,0.021005388861507837,0.3678052580563739,9112.8395793567,126.35275848475105,5,5
2020-06-11T06:06:51.633,2020-06-11T06:07:05.092,B,NaN,NaN,14.756051203248404,14.69115040607907,320034.8486806104,4768.6989697389245,1.002882184324252e6,14368.20966074708,0.0,0.0,0.1146358845845312,0.05232683414028529,Inf,22138.24414410663,332.02974480637477,5,5
2020-04-23T19:10:43.047,2020-04-23T19:10:51.629,A,4.276655735092674,4.210467473976412,18.127060451728752,18.137435067427237,216409.05320442462,378.505655153402,6.940403692199626e6,11292.847703446872,166043.91800684834,279.3629861370238,0.05632504421764347,0.011517287987120534,0.06557960587600807,77660.57292086154,261.63840499711785,5,5
2020-04-24T18:34:15.380,2020-04-24T18:34:23.979,A,4.519006932726386,4.446613786347854,17.988547648066728,18.00034116665159,185189.70474481047,298.34767328368366,8.312397169357415e6,11352.155987307928,196057.6673926949,331.5665549347717,0.06342251289106399,0.010883739311437041,0.05994061599994125,75506.20473342187,215.8682973705387,5,5
2020-01-08T09:26:57.268,2020-01-08T09:27:05.980,B,NaN,NaN,13.804096777116484,13.745672443346775,4.279771566636224e7,654610.9411372615,3.213809733117429e7,490281.66388145695,4.158941482711688e7,636127.0406793532,0.008038904962107525,0.009120729716428229,0.008148158930029495,2.2975338856491586e6,35126.93347816069,5,5
2020-04-18T22:14:06.031,2020-04-18T22:14:14.564,A,2.9695037385106406,2.9286378982244794,18.962757997732236,18.963626894786618,2291.363275601492,18.33135968959725,1.1688108418328045e6,13807.129007275546,1966.7447471244668,20.073004709836077,0.2583614753283911,0.01815510178517232,0.25000009325355316,14201.932808598343,186.6230220601515,5,5
2020-04-19T21:38:49.962,2020-04-19T21:38:58.499,A,2.6334537549733823,2.604295663926607,18.83569021697006,18.837680086078755,15714.93893608688,167.58049696764485,2.11418471768584e6,22155.915364018023,14939.188203959757,169.71406741202546,0.1389850822304083,0.013625871110205742,0.15566811370976283,23491.199192637152,285.0238285453004,5,5
2020-04-20T23:06:38.095,2020-04-20T23:06:46.689,B,8.254064333923843,7.532273031448724,19.276469312900872,19.269745536138164,588740.9619238292,5407.891524087091,9.703871077573074e6,68106.35130560218,210981.17712467595,1867.8138675858868,0.06062250968751077,0.015884122059924812,0.0888387257300067,398941.0061277868,3790.5705178179514,5,5
